physical_record_id,maintenance_id,incident_id,station_id,charger_id,event_ts,event_type,fault_category,fault_code,severity,status_after,related_fault_event_id,planned_flag,notes_code,batch_date,source_system
MNTREC00000001,MNT00000001,INC000001,STN0083,CHG00533,2026-01-23 03:26:00,FAULT_REPORTED,POWER_MODULE,PWR_DERATE,MAJOR,OPEN,,False,NOTE_POWER_MODULE_FAULT_REPORTED,2026-01-23,CHARGEIQ_MAINTENANCE
MNTREC00000002,MNT00000002,INC000001,STN0083,CHG00533,2026-01-23 04:52:00,REPAIR_STARTED,POWER_MODULE,PWR_DERATE,MAJOR,IN_PROGRESS,MNT00000001,False,NOTE_POWER_MODULE_REPAIR_STARTED,2026-01-23,CHARGEIQ_MAINTENANCE
MNTREC00000003,MNT00000003,INC000001,STN0083,CHG00533,2026-01-23 06:49:00,RECOVERY_CONFIRMED,POWER_MODULE,PWR_DERATE,MAJOR,RESOLVED,MNT00000001,False,NOTE_POWER_MODULE_RECOVERY_CONFIRMED,2026-01-23,CHARGEIQ_MAINTENANCE
MNTREC00000004,MNT00000004,INC000002,STN0119,CHG00778,2026-01-08 18:40:00,FAULT_REPORTED,POWER_MODULE,PWR_FAIL,MAJOR,OPEN,,False,NOTE_POWER_MODULE_FAULT_REPORTED,2026-01-08,CHARGEIQ_MAINTENANCE
MNTREC00000005,MNT00000005,INC000002,STN0119,CHG00778,2026-01-08 20:16:00,REPAIR_STARTED,POWER_MODULE,PWR_FAIL,MAJOR,IN_PROGRESS,MNT00000004,False,NOTE_POWER_MODULE_REPAIR_STARTED,2026-01-08,CHARGEIQ_MAINTENANCE
MNTREC00000006,MNT00000006,INC000002,STN0119,CHG00778,2026-01-08 21:23:00,RECOVERY_CONFIRMED,POWER_MODULE,PWR_FAIL,MAJOR,RESOLVED,MNT00000004,False,NOTE_POWER_MODULE_RECOVERY_CONFIRMED,2026-01-08,CHARGEIQ_MAINTENANCE
MNTREC00000007,MNT00000007,INC000003,STN0114,CHG00740,2026-01-26 11:37:00,FAULT_REPORTED,POWER_MODULE,PWR_FAIL,MAJOR,OPEN,,False,NOTE_POWER_MODULE_FAULT_REPORTED,2026-01-26,CHARGEIQ_MAINTENANCE
MNTREC00000008,MNT00000008,INC000003,STN0114,CHG00740,2026-01-26 12:52:00,REPAIR_STARTED,POWER_MODULE,PWR_FAIL,MAJOR,IN_PROGRESS,MNT00000007,False,NOTE_POWER_MODULE_REPAIR_STARTED,2026-01-26,CHARGEIQ_MAINTENANCE
MNTREC00000009,MNT00000009,INC000003,STN0114,CHG00740,2026-01-26 13:26:00,RECOVERY_CONFIRMED,POWER_MODULE,PWR_FAIL,MAJOR,RESOLVED,MNT00000007,False,NOTE_POWER_MODULE_RECOVERY_CONFIRMED,2026-01-26,CHARGEIQ_MAINTENANCE
MNTREC00000010,MNT00000010,INC000004,STN0133,CHG00884,2026-01-22 09:11:00,FAULT_REPORTED,SAFETY_TRIP,RCD_TRIP,MAJOR,OPEN,,False,NOTE_SAFETY_TRIP_FAULT_REPORTED,2026-01-22,CHARGEIQ_MAINTENANCE
MNTREC00000011,MNT00000011,INC000004,STN0133,CHG00884,2026-01-22 10:48:00,REPAIR_STARTED,SAFETY_TRIP,RCD_TRIP,MAJOR,IN_PROGRESS,MNT00000010,False,NOTE_SAFETY_TRIP_REPAIR_STARTED,2026-01-22,CHARGEIQ_MAINTENANCE
MNTREC00000012,MNT00000012,INC000004,STN0133,CHG00884,2026-01-22 11:49:00,RECOVERY_CONFIRMED,SAFETY_TRIP,RCD_TRIP,MAJOR,RESOLVED,MNT00000010,False,NOTE_SAFETY_TRIP_RECOVERY_CONFIRMED,2026-01-22,CHARGEIQ_MAINTENANCE
MNTREC00000013,MNT00000013,INC000005,STN0161,CHG01067,2026-02-13 14:30:00,FAULT_REPORTED,COMMUNICATION,OCPP_TIMEOUT,MINOR,OPEN,,False,NOTE_COMMUNICATION_FAULT_REPORTED,2026-02-13,CHARGEIQ_MAINTENANCE
MNTREC00000014,MNT00000014,INC000005,STN0161,CHG01067,2026-02-13 15:30:00,REPAIR_STARTED,COMMUNICATION,OCPP_TIMEOUT,MINOR,IN_PROGRESS,MNT00000013,False,NOTE_COMMUNICATION_REPAIR_STARTED,2026-02-13,CHARGEIQ_MAINTENANCE
MNTREC00000015,MNT00000015,INC000005,STN0161,CHG01067,2026-02-13 20:21:00,RECOVERY_CONFIRMED,COMMUNICATION,OCPP_TIMEOUT,MINOR,RESOLVED,MNT00000013,False,NOTE_COMMUNICATION_RECOVERY_CONFIRMED,2026-02-13,CHARGEIQ_MAINTENANCE
MNTREC00000016,MNT00000016,INC000006,STN0120,CHG00781,2026-01-28 04:49:00,FAULT_REPORTED,CONNECTOR,CONN_LOCK,MINOR,OPEN,,False,NOTE_CONNECTOR_FAULT_REPORTED,2026-01-28,CHARGEIQ_MAINTENANCE
MNTREC00000017,MNT00000017,INC000006,STN0120,CHG00781,2026-01-28 05:34:00,REPAIR_STARTED,CONNECTOR,CONN_LOCK,MINOR,IN_PROGRESS,MNT00000016,False,NOTE_CONNECTOR_REPAIR_STARTED,2026-01-28,CHARGEIQ_MAINTENANCE
MNTREC00000018,MNT00000018,INC000006,STN0120,CHG00781,2026-01-28 09:38:00,RECOVERY_CONFIRMED,CONNECTOR,CONN_LOCK,MINOR,RESOLVED,MNT00000016,False,NOTE_CONNECTOR_RECOVERY_CONFIRMED,2026-01-28,CHARGEIQ_MAINTENANCE
MNTREC00000019,MNT00000019,INC000007,STN0159,CHG01056,2026-02-23 05:14:00,FAULT_REPORTED,POWER_MODULE,PWR_FAIL,MINOR,OPEN,,False,NOTE_POWER_MODULE_FAULT_REPORTED,2026-02-23,CHARGEIQ_MAINTENANCE
MNTREC00000020,MNT00000020,INC000007,STN0159,CHG01056,2026-02-23 06:31:00,REPAIR_STARTED,POWER_MODULE,PWR_FAIL,MINOR,IN_PROGRESS,MNT00000019,False,NOTE_POWER_MODULE_REPAIR_STARTED,2026-02-23,CHARGEIQ_MAINTENANCE
MNTREC00000021,MNT00000021,INC000007,STN0159,CHG01056,2026-02-23 11:00:00,RECOVERY_CONFIRMED,POWER_MODULE,PWR_FAIL,MINOR,RESOLVED,MNT00000019,False,NOTE_POWER_MODULE_RECOVERY_CONFIRMED,2026-02-23,CHARGEIQ_MAINTENANCE
MNTREC00000022,MNT00000022,INC000008,STN0083,CHG00530,2026-03-30 09:40:00,FAULT_REPORTED,COOLING,FAN_FAIL,MAJOR,OPEN,,False,NOTE_COOLING_FAULT_REPORTED,2026-03-30,CHARGEIQ_MAINTENANCE
MNTREC00000024,MNT00000024,INC000008,STN0083,CHG00530,2026-03-30 15:14:00,RECOVERY_CONFIRMED,COOLING,FAN_FAIL,MAJOR,RESOLVED,MNT00000022,False,NOTE_COOLING_RECOVERY_CONFIRMED,2026-03-30,CHARGEIQ_MAINTENANCE
MNTREC00000025,MNT00000025,INC000009,STN0015,CHG00098,2026-03-12 02:18:00,FAULT_REPORTED,CONNECTOR,CONN_LOCK,MINOR,OPEN,,False,NOTE_CONNECTOR_FAULT_REPORTED,2026-03-12,CHARGEIQ_MAINTENANCE
MNTREC00000026,MNT00000026,INC000009,STN0015,CHG00098,2026-03-12 02:58:00,REPAIR_STARTED,CONNECTOR,CONN_LOCK,MINOR,IN_PROGRESS,MNT00000025,False,NOTE_CONNECTOR_REPAIR_STARTED,2026-03-12,CHARGEIQ_MAINTENANCE
MNTREC00000027,MNT00000027,INC000009,STN0015,CHG00098,2026-03-12 05:19:00,RECOVERY_CONFIRMED,CONNECTOR,CONN_LOCK,MINOR,RESOLVED,MNT00000025,False,NOTE_CONNECTOR_RECOVERY_CONFIRMED,2026-03-12,CHARGEIQ_MAINTENANCE
MNTREC00000028,MNT00000028,INC000010,STN0164,CHG01089,2026-01-18 17:53:00,FAULT_REPORTED,METER,METER_DRIFT,MINOR,OPEN,,False,NOTE_METER_FAULT_REPORTED,2026-01-18,CHARGEIQ_MAINTENANCE
MNTREC00000029,MNT00000029,INC000010,STN0164,CHG01089,2026-01-18 18:57:00,REPAIR_STARTED,METER,METER_DRIFT,MINOR,IN_PROGRESS,MNT00000028,False,NOTE_METER_REPAIR_STARTED,2026-01-18,CHARGEIQ_MAINTENANCE
MNTREC00000030,MNT00000030,INC000010,STN0164,CHG01089,2026-01-18 20:30:00,RECOVERY_CONFIRMED,METER,METER_DRIFT,MINOR,RESOLVED,MNT00000028,False,NOTE_METER_RECOVERY_CONFIRMED,2026-01-18,CHARGEIQ_MAINTENANCE
MNTREC00000031,MNT00000031,INC000011,STN0159,CHG01054,2026-03-14 03:53:00,FAULT_REPORTED,POWER_MODULE,PWR_FAIL,MINOR,OPEN,,False,NOTE_POWER_MODULE_FAULT_REPORTED,2026-03-14,CHARGEIQ_MAINTENANCE
MNTREC00000032,MNT00000032,INC000011,STN0159,CHG01054,2026-03-14 04:48:00,REPAIR_STARTED,POWER_MODULE,PWR_FAIL,MINOR,IN_PROGRESS,MNT00000031,False,NOTE_POWER_MODULE_REPAIR_STARTED,2026-03-14,CHARGEIQ_MAINTENANCE
MNTREC00000033,MNT00000033,INC000011,STN0159,CHG01054,2026-03-14 11:42:00,RECOVERY_CONFIRMED,POWER_MODULE,PWR_FAIL,MINOR,RESOLVED,MNT00000031,False,NOTE_POWER_MODULE_RECOVERY_CONFIRMED,2026-03-14,CHARGEIQ_MAINTENANCE
MNTREC00000034,MNT00000034,INC000012,STN0098,CHG00636,2026-01-11 01:49:00,FAULT_REPORTED,COOLING,FAN_FAIL,MAJOR,OPEN,,False,NOTE_COOLING_FAULT_REPORTED,2026-01-11,CHARGEIQ_MAINTENANCE
MNTREC00000035,MNT00000035,INC000012,STN0098,CHG00636,2026-01-11 02:31:00,REPAIR_STARTED,COOLING,FAN_FAIL,MAJOR,IN_PROGRESS,MNT00000034,False,NOTE_COOLING_REPAIR_STARTED,2026-01-11,CHARGEIQ_MAINTENANCE
MNTREC00000036,MNT00000036,INC000012,STN0098,CHG00636,2026-01-11 03:25:00,RECOVERY_CONFIRMED,COOLING,FAN_FAIL,MAJOR,RESOLVED,MNT00000034,False,NOTE_COOLING_RECOVERY_CONFIRMED,2026-01-11,CHARGEIQ_MAINTENANCE
MNTREC00000037,MNT00000037,INC000013,STN0005,CHG00036,2026-01-10 04:05:00,FAULT_REPORTED,COMMUNICATION,NET_LOSS,MINOR,OPEN,,False,NOTE_COMMUNICATION_FAULT_REPORTED,2026-01-10,CHARGEIQ_MAINTENANCE
MNTREC00000038,MNT00000038,INC000013,STN0005,CHG00036,2026-01-10 04:39:00,REPAIR_STARTED,COMMUNICATION,NET_LOSS,MINOR,IN_PROGRESS,MNT00000037,False,NOTE_COMMUNICATION_REPAIR_STARTED,2026-01-10,CHARGEIQ_MAINTENANCE
MNTREC00000039,MNT00000039,INC000013,STN0005,CHG00036,2026-01-10 10:59:00,RECOVERY_CONFIRMED,COMMUNICATION,NET_LOSS,MINOR,RESOLVED,MNT00000037,False,NOTE_COMMUNICATION_RECOVERY_CONFIRMED,2026-01-10,CHARGEIQ_MAINTENANCE
MNTREC00000040,MNT00000040,INC000014,STN0098,CHG00634,2026-01-02 09:09:00,FAULT_REPORTED,COMMUNICATION,OCPP_TIMEOUT,MINOR,OPEN,,False,NOTE_COMMUNICATION_FAULT_REPORTED,2026-01-02,CHARGEIQ_MAINTENANCE
MNTREC00000041,MNT00000041,INC000014,STN0098,CHG00634,2026-01-02 10:46:00,REPAIR_STARTED,COMMUNICATION,OCPP_TIMEOUT,MINOR,IN_PROGRESS,MNT00000040,False,NOTE_COMMUNICATION_REPAIR_STARTED,2026-01-02,CHARGEIQ_MAINTENANCE
MNTREC00000042,MNT00000042,INC000014,STN0098,CHG00634,2026-01-02 11:34:00,RECOVERY_CONFIRMED,COMMUNICATION,OCPP_TIMEOUT,MINOR,RESOLVED,MNT00000040,False,NOTE_COMMUNICATION_RECOVERY_CONFIRMED,2026-01-02,CHARGEIQ_MAINTENANCE
MNTREC00000043,MNT00000043,INC000015,STN0117,CHG00761,2026-01-07 16:22:00,FAULT_REPORTED,SAFETY_TRIP,GROUND_FAULT,MAJOR,OPEN,,False,NOTE_SAFETY_TRIP_FAULT_REPORTED,2026-01-07,CHARGEIQ_MAINTENANCE
MNTREC00000044,MNT00000044,INC000015,STN0117,CHG00761,2026-01-07 16:34:00,REPAIR_STARTED,SAFETY_TRIP,GROUND_FAULT,MAJOR,IN_PROGRESS,MNT00000043,False,NOTE_SAFETY_TRIP_REPAIR_STARTED,2026-01-07,CHARGEIQ_MAINTENANCE
MNTREC00000045,MNT00000045,INC000015,STN0117,CHG00761,2026-01-07 23:01:00,RECOVERY_CONFIRMED,SAFETY_TRIP,GROUND_FAULT,MAJOR,RESOLVED,MNT00000043,False,NOTE_SAFETY_TRIP_RECOVERY_CONFIRMED,2026-01-07,CHARGEIQ_MAINTENANCE
MNTREC00000047,MNT00000047,INC000016,STN0006,CHG00038,2026-03-25 17:22:00,REPAIR_STARTED,METER,METER_DRIFT,MAJOR,IN_PROGRESS,MNT00000046,False,NOTE_METER_REPAIR_STARTED,2026-03-25,CHARGEIQ_MAINTENANCE
MNTREC00000048,MNT00000048,INC000016,STN0006,CHG00038,2026-03-25 22:33:00,RECOVERY_CONFIRMED,METER,METER_DRIFT,MAJOR,RESOLVED,MNT00000046,False,NOTE_METER_RECOVERY_CONFIRMED,2026-03-25,CHARGEIQ_MAINTENANCE
MNTREC00000049,MNT00000049,INC000017,STN0109,CHG00712,2026-03-10 11:02:00,FAULT_REPORTED,COOLING,FAN_FAIL,MAJOR,OPEN,,False,NOTE_COOLING_FAULT_REPORTED,2026-03-10,CHARGEIQ_MAINTENANCE
MNTREC00000050,MNT00000050,INC000017,STN0109,CHG00712,2026-03-10 11:48:00,REPAIR_STARTED,COOLING,FAN_FAIL,MAJOR,IN_PROGRESS,MNT00000049,False,NOTE_COOLING_REPAIR_STARTED,2026-03-10,CHARGEIQ_MAINTENANCE
MNTREC00000051,MNT00000051,INC000017,STN0109,CHG00712,2026-03-10 13:52:00,RECOVERY_CONFIRMED,COOLING,FAN_FAIL,MAJOR,RESOLVED,MNT00000049,False,NOTE_COOLING_RECOVERY_CONFIRMED,2026-03-10,CHARGEIQ_MAINTENANCE
MNTREC00000052,MNT00000052,INC000018,STN0165,CHG01095,2026-01-27 08:54:00,FAULT_REPORTED,SAFETY_TRIP,RCD_TRIP,MINOR,OPEN,,False,NOTE_SAFETY_TRIP_FAULT_REPORTED,2026-01-27,CHARGEIQ_MAINTENANCE
MNTREC00000053,MNT00000053,INC000018,STN0165,CHG01095,2026-01-27 10:20:00,REPAIR_STARTED,SAFETY_TRIP,RCD_TRIP,MINOR,IN_PROGRESS,MNT00000052,False,NOTE_SAFETY_TRIP_REPAIR_STARTED,2026-01-27,CHARGEIQ_MAINTENANCE
MNTREC00000054,MNT00000054,INC000018,STN0165,CHG01095,2026-01-27 13:36:00,RECOVERY_CONFIRMED,SAFETY_TRIP,RCD_TRIP,MINOR,RESOLVED,MNT00000052,False,NOTE_SAFETY_TRIP_RECOVERY_CONFIRMED,2026-01-27,CHARGEIQ_MAINTENANCE
MNTREC00000055,MNT00000055,INC000019,STN0149,CHG00991,2026-03-19 08:48:00,FAULT_REPORTED,CONNECTOR,CONN_TEMP,MINOR,OPEN,,False,NOTE_CONNECTOR_FAULT_REPORTED,2026-03-19,CHARGEIQ_MAINTENANCE
MNTREC00000056,MNT00000056,INC000019,STN0149,CHG00991,2026-03-19 09:20:00,REPAIR_STARTED,CONNECTOR,CONN_TEMP,MINOR,IN_PROGRESS,MNT00000055,False,NOTE_CONNECTOR_REPAIR_STARTED,2026-03-19,CHARGEIQ_MAINTENANCE
MNTREC00000057,MNT00000057,INC000019,STN0149,CHG00991,2026-03-19 13:22:00,RECOVERY_CONFIRMED,CONNECTOR,CONN_TEMP,MINOR,RESOLVED,MNT00000055,False,NOTE_CONNECTOR_RECOVERY_CONFIRMED,2026-03-19,CHARGEIQ_MAINTENANCE
MNTREC00000058,MNT00000058,INC000020,STN0081,CHG00516,2026-01-08 16:42:00,FAULT_REPORTED,SAFETY_TRIP,RCD_TRIP,MAJOR,OPEN,,False,NOTE_SAFETY_TRIP_FAULT_REPORTED,2026-01-08,CHARGEIQ_MAINTENANCE
MNTREC00000059,MNT00000059,INC000020,STN0081,CHG00516,2026-01-08 18:41:00,REPAIR_STARTED,SAFETY_TRIP,RCD_TRIP,MAJOR,IN_PROGRESS,MNT00000058,False,NOTE_SAFETY_TRIP_REPAIR_STARTED,2026-01-08,CHARGEIQ_MAINTENANCE
MNTREC00000060,MNT00000060,INC000020,STN0081,CHG00516,2026-01-09 00:31:00,RECOVERY_CONFIRMED,SAFETY_TRIP,RCD_TRIP,MAJOR,RESOLVED,MNT00000058,False,NOTE_SAFETY_TRIP_RECOVERY_CONFIRMED,2026-01-09,CHARGEIQ_MAINTENANCE
MNTREC00000061,MNT00000061,INC000021,STN0133,CHG00885,2026-01-27 21:48:00,FAULT_REPORTED,COOLING,FAN_FAIL,MINOR,OPEN,,False,NOTE_COOLING_FAULT_REPORTED,2026-01-27,CHARGEIQ_MAINTENANCE
MNTREC00000062,MNT00000062,INC000021,STN0133,CHG00885,2026-01-27 22:12:00,REPAIR_STARTED,COOLING,FAN_FAIL,MINOR,IN_PROGRESS,MNT00000061,False,NOTE_COOLING_REPAIR_STARTED,2026-01-27,CHARGEIQ_MAINTENANCE
MNTREC00000064,MNT00000064,INC000022,STN0109,CHG00710,2026-02-27 02:08:00,FAULT_REPORTED,METER,METER_DRIFT,MAJOR,OPEN,,False,NOTE_METER_FAULT_REPORTED,2026-02-27,CHARGEIQ_MAINTENANCE
MNTREC00000065,MNT00000065,INC000022,STN0109,CHG00710,2026-02-27 03:09:00,REPAIR_STARTED,METER,METER_DRIFT,MAJOR,IN_PROGRESS,MNT00000064,False,NOTE_METER_REPAIR_STARTED,2026-02-27,CHARGEIQ_MAINTENANCE
MNTREC00000066,MNT00000066,INC000022,STN0109,CHG00710,2026-02-27 07:09:00,RECOVERY_CONFIRMED,METER,METER_DRIFT,MAJOR,RESOLVED,MNT00000064,False,NOTE_METER_RECOVERY_CONFIRMED,2026-02-27,CHARGEIQ_MAINTENANCE
MNTREC00000067,MNT00000067,INC000023,STN0164,CHG01092,2026-02-16 23:06:00,FAULT_REPORTED,COMMUNICATION,OCPP_TIMEOUT,MINOR,OPEN,,False,NOTE_COMMUNICATION_FAULT_REPORTED,2026-02-16,CHARGEIQ_MAINTENANCE
MNTREC00000068,MNT00000068,INC000023,STN0164,CHG01092,2026-02-16 23:43:00,REPAIR_STARTED,COMMUNICATION,OCPP_TIMEOUT,MINOR,IN_PROGRESS,MNT00000067,False,NOTE_COMMUNICATION_REPAIR_STARTED,2026-02-16,CHARGEIQ_MAINTENANCE
MNTREC00000069,MNT00000069,INC000023,STN0164,CHG01092,2026-02-17 05:30:00,RECOVERY_CONFIRMED,COMMUNICATION,OCPP_TIMEOUT,MINOR,RESOLVED,MNT00000067,False,NOTE_COMMUNICATION_RECOVERY_CONFIRMED,2026-02-17,CHARGEIQ_MAINTENANCE
MNTREC00000070,MNT00000070,INC000024,STN0103,CHG00669,2026-02-14 09:06:00,FAULT_REPORTED,METER,METER_OFFLINE,CRITICAL,OPEN,,False,NOTE_METER_FAULT_REPORTED,2026-02-14,CHARGEIQ_MAINTENANCE
MNTREC00000071,MNT00000071,INC000024,STN0103,CHG00669,2026-02-14 09:32:00,REPAIR_STARTED,METER,METER_OFFLINE,CRITICAL,IN_PROGRESS,MNT00000070,False,NOTE_METER_REPAIR_STARTED,2026-02-14,CHARGEIQ_MAINTENANCE
MNTREC00000072,MNT00000072,INC000024,STN0103,CHG00669,2026-02-14 16:25:00,RECOVERY_CONFIRMED,METER,METER_OFFLINE,CRITICAL,RESOLVED,MNT00000070,False,NOTE_METER_RECOVERY_CONFIRMED,2026-02-14,CHARGEIQ_MAINTENANCE
MNTREC00000073,MNT00000073,INC000025,STN0067,CHG00429,2026-01-22 17:28:00,FAULT_REPORTED,METER,METER_DRIFT,MINOR,OPEN,,False,NOTE_METER_FAULT_REPORTED,2026-01-22,CHARGEIQ_MAINTENANCE
MNTREC00000074,MNT00000074,INC000025,STN0067,CHG00429,2026-01-22 19:04:00,REPAIR_STARTED,METER,METER_DRIFT,MINOR,IN_PROGRESS,MNT00000073,False,NOTE_METER_REPAIR_STARTED,2026-01-22,CHARGEIQ_MAINTENANCE
MNTREC00000075,MNT00000075,INC000025,STN0067,CHG00429,2026-01-22 21:45:00,RECOVERY_CONFIRMED,METER,METER_DRIFT,MINOR,RESOLVED,MNT00000073,False,NOTE_METER_RECOVERY_CONFIRMED,2026-01-22,CHARGEIQ_MAINTENANCE
MNTREC00000076,MNT00000076,INC000026,STN0043,CHG00276,2026-02-16 04:39:00,FAULT_REPORTED,COMMUNICATION,NET_LOSS,MAJOR,OPEN,,False,NOTE_COMMUNICATION_FAULT_REPORTED,2026-02-16,CHARGEIQ_MAINTENANCE
MNTREC00000077,MNT00000077,INC000026,STN0043,CHG00276,2026-02-16 06:37:00,REPAIR_STARTED,COMMUNICATION,NET_LOSS,MAJOR,IN_PROGRESS,MNT00000076,False,NOTE_COMMUNICATION_REPAIR_STARTED,2026-02-16,CHARGEIQ_MAINTENANCE
MNTREC00000078,MNT00000078,INC000026,STN0043,CHG00276,2026-02-16 13:17:00,RECOVERY_CONFIRMED,COMMUNICATION,NET_LOSS,MAJOR,RESOLVED,MNT00000076,False,NOTE_COMMUNICATION_RECOVERY_CONFIRMED,2026-02-16,CHARGEIQ_MAINTENANCE
MNTREC00000079,MNT00000079,INC000027,STN0150,CHG00995,2026-01-12 19:59:00,FAULT_REPORTED,SAFETY_TRIP,GROUND_FAULT,MINOR,OPEN,,False,NOTE_SAFETY_TRIP_FAULT_REPORTED,2026-01-12,CHARGEIQ_MAINTENANCE
MNTREC00000080,MNT00000080,INC000027,STN0150,CHG00995,2026-01-12 20:57:00,REPAIR_STARTED,SAFETY_TRIP,GROUND_FAULT,MINOR,IN_PROGRESS,MNT00000079,False,NOTE_SAFETY_TRIP_REPAIR_STARTED,2026-01-12,CHARGEIQ_MAINTENANCE
MNTREC00000081,MNT00000081,INC000027,STN0150,CHG00995,2026-01-13 01:44:00,RECOVERY_CONFIRMED,SAFETY_TRIP,GROUND_FAULT,MINOR,RESOLVED,MNT00000079,False,NOTE_SAFETY_TRIP_RECOVERY_CONFIRMED,2026-01-13,CHARGEIQ_MAINTENANCE
MNTREC00000082,MNT00000082,INC000028,STN0035,CHG00231,2026-01-25 13:28:00,FAULT_REPORTED,COOLING,TEMP_HIGH,MINOR,OPEN,,False,NOTE_COOLING_FAULT_REPORTED,2026-01-25,CHARGEIQ_MAINTENANCE
MNTREC00000083,MNT00000083,INC000028,STN0035,CHG00231,2026-01-25 14:42:00,REPAIR_STARTED,COOLING,TEMP_HIGH,MINOR,IN_PROGRESS,MNT00000082,False,NOTE_COOLING_REPAIR_STARTED,2026-01-25,CHARGEIQ_MAINTENANCE
MNTREC00000084,MNT00000084,INC000028,STN0035,CHG00231,2026-01-25 18:43:00,RECOVERY_CONFIRMED,COOLING,TEMP_HIGH,MINOR,RESOLVED,MNT00000082,False,NOTE_COOLING_RECOVERY_CONFIRMED,2026-01-25,CHARGEIQ_MAINTENANCE
MNTREC00000085,MNT00000085,INC000029,STN0076,CHG00490,2026-02-21 15:49:00,FAULT_REPORTED,POWER_MODULE,PWR_DERATE,MINOR,OPEN,,False,NOTE_POWER_MODULE_FAULT_REPORTED,2026-02-21,CHARGEIQ_MAINTENANCE
MNTREC00000086,MNT00000086,INC000029,STN0076,CHG00490,2026-02-21 16:01:00,REPAIR_STARTED,POWER_MODULE,PWR_DERATE,MINOR,IN_PROGRESS,MNT00000085,False,NOTE_POWER_MODULE_REPAIR_STARTED,2026-02-21,CHARGEIQ_MAINTENANCE
MNTREC00000087,MNT00000087,INC000029,STN0076,CHG00490,2026-02-21 17:48:00,RECOVERY_CONFIRMED,POWER_MODULE,PWR_DERATE,MINOR,RESOLVED,MNT00000085,False,NOTE_POWER_MODULE_RECOVERY_CONFIRMED,2026-02-21,CHARGEIQ_MAINTENANCE
MNTREC00000088,MNT00000088,INC000030,STN0061,CHG00384,2026-03-07 19:39:00,FAULT_REPORTED,COMMUNICATION,OCPP_TIMEOUT,CRITICAL,OPEN,,False,NOTE_COMMUNICATION_FAULT_REPORTED,2026-03-07,CHARGEIQ_MAINTENANCE
MNTREC00000089,MNT00000089,INC000030,STN0061,CHG00384,2026-03-07 20:04:00,REPAIR_STARTED,COMMUNICATION,OCPP_TIMEOUT,CRITICAL,IN_PROGRESS,MNT00000088,False,NOTE_COMMUNICATION_REPAIR_STARTED,2026-03-07,CHARGEIQ_MAINTENANCE
MNTREC00000090,MNT00000090,INC000030,STN0061,CHG00384,2026-03-08 00:07:00,RECOVERY_CONFIRMED,COMMUNICATION,OCPP_TIMEOUT,CRITICAL,RESOLVED,MNT00000088,False,NOTE_COMMUNICATION_RECOVERY_CONFIRMED,2026-03-08,CHARGEIQ_MAINTENANCE
MNTREC00000091,MNT00000091,INC000031,STN0017,CHG00109,2026-01-14 04:33:00,FAULT_REPORTED,SAFETY_TRIP,RCD_TRIP,MINOR,OPEN,,False,NOTE_SAFETY_TRIP_FAULT_REPORTED,2026-01-14,CHARGEIQ_MAINTENANCE
MNTREC00000092,MNT00000092,INC000031,STN0017,CHG00109,2026-01-14 05:59:00,REPAIR_STARTED,SAFETY_TRIP,RCD_TRIP,MINOR,IN_PROGRESS,MNT00000091,False,NOTE_SAFETY_TRIP_REPAIR_STARTED,2026-01-14,CHARGEIQ_MAINTENANCE
MNTREC00000093,MNT00000093,INC000031,STN0017,CHG00109,2026-01-14 08:03:00,RECOVERY_CONFIRMED,SAFETY_TRIP,RCD_TRIP,MINOR,RESOLVED,MNT00000091,False,NOTE_SAFETY_TRIP_RECOVERY_CONFIRMED,2026-01-14,CHARGEIQ_MAINTENANCE
MNTREC00000094,MNT00000094,INC000032,STN0064,CHG00412,2026-01-13 19:04:00,FAULT_REPORTED,METER,METER_DRIFT,MINOR,OPEN,,False,NOTE_METER_FAULT_REPORTED,2026-01-13,CHARGEIQ_MAINTENANCE
MNTREC00000095,MNT00000095,INC000032,STN0064,CHG00412,2026-01-13 20:29:00,REPAIR_STARTED,METER,METER_DRIFT,MINOR,IN_PROGRESS,MNT00000094,False,NOTE_METER_REPAIR_STARTED,2026-01-13,CHARGEIQ_MAINTENANCE
MNTREC00000096,MNT00000096,INC000032,STN0064,CHG00412,2026-01-14 02:09:00,RECOVERY_CONFIRMED,METER,METER_DRIFT,MINOR,RESOLVED,MNT00000094,False,NOTE_METER_RECOVERY_CONFIRMED,2026-01-14,CHARGEIQ_MAINTENANCE
MNTREC00000097,MNT00000097,INC000033,STN0091,CHG00590,2026-03-25 20:28:00,FAULT_REPORTED,METER,METER_DRIFT,MAJOR,OPEN,,False,NOTE_METER_FAULT_REPORTED,2026-03-25,CHARGEIQ_MAINTENANCE
MNTREC00000098,MNT00000098,INC000033,STN0091,CHG00590,2026-03-25 21:51:00,REPAIR_STARTED,METER,METER_DRIFT,MAJOR,IN_PROGRESS,MNT00000097,False,NOTE_METER_REPAIR_STARTED,2026-03-25,CHARGEIQ_MAINTENANCE
MNTREC00000099,MNT00000099,INC000033,STN0091,CHG00590,2026-03-26 01:14:00,RECOVERY_CONFIRMED,METER,METER_DRIFT,MAJOR,RESOLVED,MNT00000097,False,NOTE_METER_RECOVERY_CONFIRMED,2026-03-26,CHARGEIQ_MAINTENANCE
MNTREC00000100,MNT00000100,INC000034,STN0137,CHG00908,2026-02-20 05:02:00,FAULT_REPORTED,SAFETY_TRIP,RCD_TRIP,MINOR,OPEN,,False,NOTE_SAFETY_TRIP_FAULT_REPORTED,2026-02-20,CHARGEIQ_MAINTENANCE
MNTREC00000101,MNT00000101,INC000034,STN0137,CHG00908,2026-02-20 05:39:00,REPAIR_STARTED,SAFETY_TRIP,RCD_TRIP,MINOR,IN_PROGRESS,MNT00000100,False,NOTE_SAFETY_TRIP_REPAIR_STARTED,2026-02-20,CHARGEIQ_MAINTENANCE
MNTREC00000102,MNT00000102,INC000034,STN0137,CHG00908,2026-02-20 07:23:00,RECOVERY_CONFIRMED,SAFETY_TRIP,RCD_TRIP,MINOR,RESOLVED,MNT00000100,False,NOTE_SAFETY_TRIP_RECOVERY_CONFIRMED,2026-02-20,CHARGEIQ_MAINTENANCE
MNTREC00000103,MNT00000103,INC000035,STN0135,CHG00899,2026-03-14 06:47:00,FAULT_REPORTED,SAFETY_TRIP,GROUND_FAULT,MINOR,OPEN,,False,NOTE_SAFETY_TRIP_FAULT_REPORTED,2026-03-14,CHARGEIQ_MAINTENANCE
MNTREC00000104,MNT00000104,INC000035,STN0135,CHG00899,2026-03-14 07:45:00,REPAIR_STARTED,SAFETY_TRIP,GROUND_FAULT,MINOR,IN_PROGRESS,MNT00000103,False,NOTE_SAFETY_TRIP_REPAIR_STARTED,2026-03-14,CHARGEIQ_MAINTENANCE
MNTREC00000105,MNT00000105,INC000035,STN0135,CHG00899,2026-03-14 08:24:00,RECOVERY_CONFIRMED,SAFETY_TRIP,GROUND_FAULT,MINOR,RESOLVED,MNT00000103,False,NOTE_SAFETY_TRIP_RECOVERY_CONFIRMED,2026-03-14,CHARGEIQ_MAINTENANCE
MNTREC00000109,MNT00000109,INC000037,STN0153,CHG01016,2026-03-24 10:51:00,FAULT_REPORTED,COOLING,TEMP_HIGH,MINOR,OPEN,,False,NOTE_COOLING_FAULT_REPORTED,2026-03-24,CHARGEIQ_MAINTENANCE
MNTREC00000110,MNT00000110,INC000037,STN0153,CHG01016,2026-03-24 12:13:00,REPAIR_STARTED,COOLING,TEMP_HIGH,MINOR,IN_PROGRESS,MNT00000109,False,NOTE_COOLING_REPAIR_STARTED,2026-03-24,CHARGEIQ_MAINTENANCE
MNTREC00000111,MNT00000111,INC000037,STN0153,CHG01016,2026-03-24 19:02:00,RECOVERY_CONFIRMED,COOLING,TEMP_HIGH,MINOR,RESOLVED,MNT00000109,False,NOTE_COOLING_RECOVERY_CONFIRMED,2026-03-24,CHARGEIQ_MAINTENANCE
MNTREC00000112,MNT00000112,INC000038,STN0115,CHG00750,2026-01-15 20:06:00,FAULT_REPORTED,CONNECTOR,CONN_LOCK,MAJOR,OPEN,,False,NOTE_CONNECTOR_FAULT_REPORTED,2026-01-15,CHARGEIQ_MAINTENANCE
MNTREC00000113,MNT00000113,INC000038,STN0115,CHG00750,2026-01-15 20:40:00,REPAIR_STARTED,CONNECTOR,CONN_LOCK,MAJOR,IN_PROGRESS,MNT00000112,False,NOTE_CONNECTOR_REPAIR_STARTED,2026-01-15,CHARGEIQ_MAINTENANCE
MNTREC00000114,MNT00000114,INC000038,STN0115,CHG00750,2026-01-16 00:04:00,RECOVERY_CONFIRMED,CONNECTOR,CONN_LOCK,MAJOR,RESOLVED,MNT00000112,False,NOTE_CONNECTOR_RECOVERY_CONFIRMED,2026-01-16,CHARGEIQ_MAINTENANCE
MNTREC00000115,MNT00000115,INC000039,STN0006,CHG00037,2026-01-23 18:11:00,FAULT_REPORTED,CONNECTOR,CONN_LOCK,MINOR,OPEN,,False,NOTE_CONNECTOR_FAULT_REPORTED,2026-01-23,CHARGEIQ_MAINTENANCE
MNTREC00000116,MNT00000116,INC000039,STN0006,CHG00037,2026-01-23 19:28:00,REPAIR_STARTED,CONNECTOR,CONN_LOCK,MINOR,IN_PROGRESS,MNT00000115,False,NOTE_CONNECTOR_REPAIR_STARTED,2026-01-23,CHARGEIQ_MAINTENANCE
MNTREC00000117,MNT00000117,INC000039,STN0006,CHG00037,2026-01-23 20:57:00,RECOVERY_CONFIRMED,CONNECTOR,CONN_LOCK,MINOR,RESOLVED,MNT00000115,False,NOTE_CONNECTOR_RECOVERY_CONFIRMED,2026-01-23,CHARGEIQ_MAINTENANCE
MNTREC00000118,MNT00000118,INC000040,STN0102,CHG00659,2026-03-31 00:35:00,FAULT_REPORTED,COOLING,TEMP_HIGH,MAJOR,OPEN,,False,NOTE_COOLING_FAULT_REPORTED,2026-03-31,CHARGEIQ_MAINTENANCE
MNTREC00000120,MNT00000120,INC000040,STN0102,CHG00659,2026-03-31 06:01:00,RECOVERY_CONFIRMED,COOLING,TEMP_HIGH,MAJOR,RESOLVED,MNT00000118,False,NOTE_COOLING_RECOVERY_CONFIRMED,2026-03-31,CHARGEIQ_MAINTENANCE
MNTREC00000121,MNT00000121,INC000041,STN0063,CHG00398,2026-01-09 18:42:00,FAULT_REPORTED,POWER_MODULE,PWR_DERATE,MINOR,OPEN,,False,NOTE_POWER_MODULE_FAULT_REPORTED,2026-01-09,CHARGEIQ_MAINTENANCE
MNTREC00000122,MNT00000122,INC000041,STN0063,CHG00398,2026-01-09 20:19:00,REPAIR_STARTED,POWER_MODULE,PWR_DERATE,MINOR,IN_PROGRESS,MNT00000121,False,NOTE_POWER_MODULE_REPAIR_STARTED,2026-01-09,CHARGEIQ_MAINTENANCE
MNTREC00000123,MNT00000123,INC000041,STN0063,CHG00398,2026-01-10 03:06:00,RECOVERY_CONFIRMED,POWER_MODULE,PWR_DERATE,MINOR,RESOLVED,MNT00000121,False,NOTE_POWER_MODULE_RECOVERY_CONFIRMED,2026-01-10,CHARGEIQ_MAINTENANCE
MNTREC00000124,MNT00000124,INC000042,STN0044,CHG00284,2026-02-23 10:35:00,FAULT_REPORTED,SAFETY_TRIP,RCD_TRIP,MAJOR,OPEN,,False,NOTE_SAFETY_TRIP_FAULT_REPORTED,2026-02-23,CHARGEIQ_MAINTENANCE
MNTREC00000125,MNT00000125,INC000042,STN0044,CHG00284,2026-02-23 11:25:00,REPAIR_STARTED,SAFETY_TRIP,RCD_TRIP,MAJOR,IN_PROGRESS,MNT00000124,False,NOTE_SAFETY_TRIP_REPAIR_STARTED,2026-02-23,CHARGEIQ_MAINTENANCE
MNTREC00000126,MNT00000126,INC000042,STN0044,CHG00284,2026-02-23 13:22:00,RECOVERY_CONFIRMED,SAFETY_TRIP,RCD_TRIP,MAJOR,RESOLVED,MNT00000124,False,NOTE_SAFETY_TRIP_RECOVERY_CONFIRMED,2026-02-23,CHARGEIQ_MAINTENANCE
MNTREC00000127,MNT00000127,INC000043,STN0065,CHG00416,2026-03-06 04:49:00,FAULT_REPORTED,METER,METER_DRIFT,MINOR,OPEN,,True,NOTE_METER_FAULT_REPORTED,2026-03-06,CHARGEIQ_MAINTENANCE
MNTREC00000128,MNT00000128,INC000043,STN0065,CHG00416,2026-03-06 05:46:00,REPAIR_STARTED,METER,METER_DRIFT,MINOR,IN_PROGRESS,MNT00000127,True,NOTE_METER_REPAIR_STARTED,2026-03-06,CHARGEIQ_MAINTENANCE
MNTREC00000129,MNT00000129,INC000043,STN0065,CHG00416,2026-03-06 12:06:00,RECOVERY_CONFIRMED,METER,METER_DRIFT,MINOR,RESOLVED,MNT00000127,True,NOTE_METER_RECOVERY_CONFIRMED,2026-03-06,CHARGEIQ_MAINTENANCE
MNTREC00000130,MNT00000130,INC000044,STN0107,CHG00698,2026-01-11 14:32:00,FAULT_REPORTED,COOLING,FAN_FAIL,MINOR,OPEN,,False,NOTE_COOLING_FAULT_REPORTED,2026-01-11,CHARGEIQ_MAINTENANCE
MNTREC00000132,MNT00000132,INC000044,STN0107,CHG00698,2026-01-11 17:09:00,RECOVERY_CONFIRMED,COOLING,FAN_FAIL,MINOR,RESOLVED,MNT00000130,False,NOTE_COOLING_RECOVERY_CONFIRMED,2026-01-11,CHARGEIQ_MAINTENANCE
MNTREC00000133,MNT00000133,INC000045,STN0125,CHG00819,2026-03-25 20:27:00,FAULT_REPORTED,POWER_MODULE,PWR_DERATE,MINOR,OPEN,,False,NOTE_POWER_MODULE_FAULT_REPORTED,2026-03-25,CHARGEIQ_MAINTENANCE
MNTREC00000134,MNT00000134,INC000045,STN0125,CHG00819,2026-03-25 22:22:00,REPAIR_STARTED,POWER_MODULE,PWR_DERATE,MINOR,IN_PROGRESS,MNT00000133,False,NOTE_POWER_MODULE_REPAIR_STARTED,2026-03-25,CHARGEIQ_MAINTENANCE
MNTREC00000135,MNT00000135,INC000045,STN0125,CHG00819,2026-03-25 23:36:00,RECOVERY_CONFIRMED,POWER_MODULE,PWR_DERATE,MINOR,RESOLVED,MNT00000133,False,NOTE_POWER_MODULE_RECOVERY_CONFIRMED,2026-03-25,CHARGEIQ_MAINTENANCE
MNTREC00000136,MNT00000136,INC000046,STN0049,CHG00309,2026-03-22 07:20:00,FAULT_REPORTED,CONNECTOR,CONN_LOCK,MINOR,OPEN,,False,NOTE_CONNECTOR_FAULT_REPORTED,2026-03-22,CHARGEIQ_MAINTENANCE
MNTREC00000138,MNT00000138,INC000046,STN0049,CHG00309,2026-03-22 09:46:00,RECOVERY_CONFIRMED,CONNECTOR,CONN_LOCK,MINOR,RESOLVED,MNT00000136,False,NOTE_CONNECTOR_RECOVERY_CONFIRMED,2026-03-22,CHARGEIQ_MAINTENANCE
MNTREC00000139,MNT00000139,INC000047,STN0074,CHG00477,2026-01-01 09:11:00,FAULT_REPORTED,CONNECTOR,CONN_LOCK,MINOR,OPEN,,False,NOTE_CONNECTOR_FAULT_REPORTED,2026-01-01,CHARGEIQ_MAINTENANCE
MNTREC00000140,MNT00000140,INC000047,STN0074,CHG00477,2026-01-01 10:45:00,REPAIR_STARTED,CONNECTOR,CONN_LOCK,MINOR,IN_PROGRESS,MNT00000139,False,NOTE_CONNECTOR_REPAIR_STARTED,2026-01-01,CHARGEIQ_MAINTENANCE
MNTREC00000141,MNT00000141,INC000047,STN0074,CHG00477,2026-01-01 17:31:00,RECOVERY_CONFIRMED,CONNECTOR,CONN_LOCK,MINOR,RESOLVED,MNT00000139,False,NOTE_CONNECTOR_RECOVERY_CONFIRMED,2026-01-01,CHARGEIQ_MAINTENANCE
MNTREC00000142,MNT00000142,INC000048,STN0032,CHG00204,2026-01-17 20:40:00,FAULT_REPORTED,COMMUNICATION,OCPP_TIMEOUT,CRITICAL,OPEN,,False,NOTE_COMMUNICATION_FAULT_REPORTED,2026-01-17,CHARGEIQ_MAINTENANCE
MNTREC00000143,MNT00000143,INC000048,STN0032,CHG00204,2026-01-17 21:30:00,REPAIR_STARTED,COMMUNICATION,OCPP_TIMEOUT,CRITICAL,IN_PROGRESS,MNT00000142,False,NOTE_COMMUNICATION_REPAIR_STARTED,2026-01-17,CHARGEIQ_MAINTENANCE
MNTREC00000144,MNT00000144,INC000048,STN0032,CHG00204,2026-01-18 02:39:00,RECOVERY_CONFIRMED,COMMUNICATION,OCPP_TIMEOUT,CRITICAL,RESOLVED,MNT00000142,False,NOTE_COMMUNICATION_RECOVERY_CONFIRMED,2026-01-18,CHARGEIQ_MAINTENANCE
MNTREC00000145,MNT00000145,INC000049,STN0120,CHG00779,2026-02-08 13:02:00,FAULT_REPORTED,METER,METER_OFFLINE,CRITICAL,OPEN,,False,NOTE_METER_FAULT_REPORTED,2026-02-08,CHARGEIQ_MAINTENANCE
MNTREC00000146,MNT00000146,INC000049,STN0120,CHG00779,2026-02-08 13:29:00,REPAIR_STARTED,METER,METER_OFFLINE,CRITICAL,IN_PROGRESS,MNT00000145,False,NOTE_METER_REPAIR_STARTED,2026-02-08,CHARGEIQ_MAINTENANCE
MNTREC00000147,MNT00000147,INC000049,STN0120,CHG00779,2026-02-08 14:28:00,RECOVERY_CONFIRMED,METER,METER_OFFLINE,CRITICAL,RESOLVED,MNT00000145,False,NOTE_METER_RECOVERY_CONFIRMED,2026-02-08,CHARGEIQ_MAINTENANCE
MNTREC00000148,MNT00000148,INC000050,STN0123,CHG00805,2026-01-29 17:17:00,FAULT_REPORTED,COMMUNICATION,NET_LOSS,MAJOR,OPEN,,False,NOTE_COMMUNICATION_FAULT_REPORTED,2026-01-29,CHARGEIQ_MAINTENANCE
MNTREC00000149,MNT00000149,INC000050,STN0123,CHG00805,2026-01-29 18:12:00,REPAIR_STARTED,COMMUNICATION,NET_LOSS,MAJOR,IN_PROGRESS,MNT00000148,False,NOTE_COMMUNICATION_REPAIR_STARTED,2026-01-29,CHARGEIQ_MAINTENANCE
MNTREC00000150,MNT00000150,INC000050,STN0123,CHG00805,2026-01-29 22:40:00,RECOVERY_CONFIRMED,COMMUNICATION,NET_LOSS,MAJOR,RESOLVED,MNT00000148,False,NOTE_COMMUNICATION_RECOVERY_CONFIRMED,2026-01-29,CHARGEIQ_MAINTENANCE
MNTREC00000151,MNT00000151,INC000051,STN0088,CHG00560,2026-02-17 06:56:00,FAULT_REPORTED,COOLING,FAN_FAIL,MINOR,OPEN,,False,NOTE_COOLING_FAULT_REPORTED,2026-02-17,CHARGEIQ_MAINTENANCE
MNTREC00000152,MNT00000152,INC000051,STN0088,CHG00560,2026-02-17 08:26:00,REPAIR_STARTED,COOLING,FAN_FAIL,MINOR,IN_PROGRESS,MNT00000151,False,NOTE_COOLING_REPAIR_STARTED,2026-02-17,CHARGEIQ_MAINTENANCE
MNTREC00000153,MNT00000153,INC000051,STN0088,CHG00560,2026-02-17 11:45:00,RECOVERY_CONFIRMED,COOLING,FAN_FAIL,MINOR,RESOLVED,MNT00000151,False,NOTE_COOLING_RECOVERY_CONFIRMED,2026-02-17,CHARGEIQ_MAINTENANCE
MNTREC00000154,MNT00000154,INC000052,STN0033,CHG00210,2026-01-08 19:45:00,FAULT_REPORTED,SAFETY_TRIP,RCD_TRIP,MINOR,OPEN,,False,NOTE_SAFETY_TRIP_FAULT_REPORTED,2026-01-08,CHARGEIQ_MAINTENANCE
MNTREC00000155,MNT00000155,INC000052,STN0033,CHG00210,2026-01-08 20:20:00,REPAIR_STARTED,SAFETY_TRIP,RCD_TRIP,MINOR,IN_PROGRESS,MNT00000154,False,NOTE_SAFETY_TRIP_REPAIR_STARTED,2026-01-08,CHARGEIQ_MAINTENANCE
MNTREC00000156,MNT00000156,INC000052,STN0033,CHG00210,2026-01-09 01:52:00,RECOVERY_CONFIRMED,SAFETY_TRIP,RCD_TRIP,MINOR,RESOLVED,MNT00000154,False,NOTE_SAFETY_TRIP_RECOVERY_CONFIRMED,2026-01-09,CHARGEIQ_MAINTENANCE
MNTREC00000157,MNT00000157,INC000053,STN0059,CHG00377,2026-01-01 08:12:00,FAULT_REPORTED,COOLING,TEMP_HIGH,MINOR,OPEN,,False,NOTE_COOLING_FAULT_REPORTED,2026-01-01,CHARGEIQ_MAINTENANCE
MNTREC00000158,MNT00000158,INC000053,STN0059,CHG00377,2026-01-01 08:28:00,REPAIR_STARTED,COOLING,TEMP_HIGH,MINOR,IN_PROGRESS,MNT00000157,False,NOTE_COOLING_REPAIR_STARTED,2026-01-01,CHARGEIQ_MAINTENANCE
MNTREC00000159,MNT00000159,INC000053,STN0059,CHG00377,2026-01-01 14:32:00,RECOVERY_CONFIRMED,COOLING,TEMP_HIGH,MINOR,RESOLVED,MNT00000157,False,NOTE_COOLING_RECOVERY_CONFIRMED,2026-01-01,CHARGEIQ_MAINTENANCE
MNTREC00000160,MNT00000160,INC000054,STN0037,CHG00238,2026-02-18 08:46:00,FAULT_REPORTED,COMMUNICATION,NET_LOSS,MAJOR,OPEN,,False,NOTE_COMMUNICATION_FAULT_REPORTED,2026-02-18,CHARGEIQ_MAINTENANCE
MNTREC00000161,MNT00000161,INC000054,STN0037,CHG00238,2026-02-18 09:49:00,REPAIR_STARTED,COMMUNICATION,NET_LOSS,MAJOR,IN_PROGRESS,MNT00000160,False,NOTE_COMMUNICATION_REPAIR_STARTED,2026-02-18,CHARGEIQ_MAINTENANCE
MNTREC00000162,MNT00000162,INC000054,STN0037,CHG00238,2026-02-18 12:33:00,RECOVERY_CONFIRMED,COMMUNICATION,NET_LOSS,MAJOR,RESOLVED,MNT00000160,False,NOTE_COMMUNICATION_RECOVERY_CONFIRMED,2026-02-18,CHARGEIQ_MAINTENANCE
MNTREC00000163,MNT00000163,INC000055,STN0116,CHG00754,2026-03-23 14:23:00,FAULT_REPORTED,POWER_MODULE,PWR_FAIL,MAJOR,OPEN,,False,NOTE_POWER_MODULE_FAULT_REPORTED,2026-03-23,CHARGEIQ_MAINTENANCE
MNTREC00000164,MNT00000164,INC000055,STN0116,CHG00754,2026-03-23 15:23:00,REPAIR_STARTED,POWER_MODULE,PWR_FAIL,MAJOR,IN_PROGRESS,MNT00000163,False,NOTE_POWER_MODULE_REPAIR_STARTED,2026-03-23,CHARGEIQ_MAINTENANCE
MNTREC00000165,MNT00000165,INC000055,STN0116,CHG00754,2026-03-23 18:11:00,RECOVERY_CONFIRMED,POWER_MODULE,PWR_FAIL,MAJOR,RESOLVED,MNT00000163,False,NOTE_POWER_MODULE_RECOVERY_CONFIRMED,2026-03-23,CHARGEIQ_MAINTENANCE
MNTREC00000166,MNT00000166,INC000056,STN0142,CHG00947,2026-01-18 11:39:00,FAULT_REPORTED,METER,METER_OFFLINE,MAJOR,OPEN,,False,NOTE_METER_FAULT_REPORTED,2026-01-18,CHARGEIQ_MAINTENANCE
MNTREC00000167,MNT00000167,INC000056,STN0142,CHG00947,2026-01-18 12:58:00,REPAIR_STARTED,METER,METER_OFFLINE,MAJOR,IN_PROGRESS,MNT00000166,False,NOTE_METER_REPAIR_STARTED,2026-01-18,CHARGEIQ_MAINTENANCE
MNTREC00000168,MNT00000168,INC000056,STN0142,CHG00947,2026-01-18 16:00:00,RECOVERY_CONFIRMED,METER,METER_OFFLINE,MAJOR,RESOLVED,MNT00000166,False,NOTE_METER_RECOVERY_CONFIRMED,2026-01-18,CHARGEIQ_MAINTENANCE
MNTREC00000169,MNT00000169,INC000057,STN0056,CHG00358,2026-02-20 08:19:00,FAULT_REPORTED,CONNECTOR,CONN_TEMP,MAJOR,OPEN,,False,NOTE_CONNECTOR_FAULT_REPORTED,2026-02-20,CHARGEIQ_MAINTENANCE
MNTREC00000170,MNT00000170,INC000057,STN0056,CHG00358,2026-02-20 08:45:00,REPAIR_STARTED,CONNECTOR,CONN_TEMP,MAJOR,IN_PROGRESS,MNT00000169,False,NOTE_CONNECTOR_REPAIR_STARTED,2026-02-20,CHARGEIQ_MAINTENANCE
MNTREC00000171,MNT00000171,INC000057,STN0056,CHG00358,2026-02-20 13:19:00,RECOVERY_CONFIRMED,CONNECTOR,CONN_TEMP,MAJOR,RESOLVED,MNT00000169,False,NOTE_CONNECTOR_RECOVERY_CONFIRMED,2026-02-20,CHARGEIQ_MAINTENANCE
MNTREC00000172,MNT00000172,INC000058,STN0159,CHG01054,2026-03-11 11:47:00,FAULT_REPORTED,COOLING,TEMP_HIGH,MAJOR,OPEN,,False,NOTE_COOLING_FAULT_REPORTED,2026-03-11,CHARGEIQ_MAINTENANCE
MNTREC00000173,MNT00000173,INC000058,STN0159,CHG01054,2026-03-11 13:40:00,REPAIR_STARTED,COOLING,TEMP_HIGH,MAJOR,IN_PROGRESS,MNT00000172,False,NOTE_COOLING_REPAIR_STARTED,2026-03-11,CHARGEIQ_MAINTENANCE
MNTREC00000174,MNT00000174,INC000058,STN0159,CHG01054,2026-03-11 19:58:00,RECOVERY_CONFIRMED,COOLING,TEMP_HIGH,MAJOR,RESOLVED,MNT00000172,False,NOTE_COOLING_RECOVERY_CONFIRMED,2026-03-11,CHARGEIQ_MAINTENANCE
MNTREC00000175,MNT00000175,INC000059,STN0058,CHG00371,2026-01-13 11:43:00,FAULT_REPORTED,COOLING,TEMP_HIGH,MINOR,OPEN,,False,NOTE_COOLING_FAULT_REPORTED,2026-01-13,CHARGEIQ_MAINTENANCE
MNTREC00000176,MNT00000176,INC000059,STN0058,CHG00371,2026-01-13 12:42:00,REPAIR_STARTED,COOLING,TEMP_HIGH,MINOR,IN_PROGRESS,MNT00000175,False,NOTE_COOLING_REPAIR_STARTED,2026-01-13,CHARGEIQ_MAINTENANCE
MNTREC00000177,MNT00000177,INC000059,STN0058,CHG00371,2026-01-13 17:18:00,RECOVERY_CONFIRMED,COOLING,TEMP_HIGH,MINOR,RESOLVED,MNT00000175,False,NOTE_COOLING_RECOVERY_CONFIRMED,2026-01-13,CHARGEIQ_MAINTENANCE
MNTREC00000178,MNT00000178,INC000060,STN0172,CHG01140,2026-02-04 01:05:00,FAULT_REPORTED,METER,METER_OFFLINE,MINOR,OPEN,,False,NOTE_METER_FAULT_REPORTED,2026-02-04,CHARGEIQ_MAINTENANCE
MNTREC00000179,MNT00000179,INC000060,STN0172,CHG01140,2026-02-04 03:03:00,REPAIR_STARTED,METER,METER_OFFLINE,MINOR,IN_PROGRESS,MNT00000178,False,NOTE_METER_REPAIR_STARTED,2026-02-04,CHARGEIQ_MAINTENANCE
MNTREC00000180,MNT00000180,INC000060,STN0172,CHG01140,2026-02-04 06:37:00,RECOVERY_CONFIRMED,METER,METER_OFFLINE,MINOR,RESOLVED,MNT00000178,False,NOTE_METER_RECOVERY_CONFIRMED,2026-02-04,CHARGEIQ_MAINTENANCE
MNTREC00000181,MNT00000181,INC000061,STN0095,CHG00614,2026-03-14 13:58:00,FAULT_REPORTED,POWER_MODULE,PWR_FAIL,MINOR,OPEN,,False,NOTE_POWER_MODULE_FAULT_REPORTED,2026-03-14,CHARGEIQ_MAINTENANCE
MNTREC00000182,MNT00000182,INC000061,STN0095,CHG00614,2026-03-14 15:28:00,REPAIR_STARTED,POWER_MODULE,PWR_FAIL,MINOR,IN_PROGRESS,MNT00000181,False,NOTE_POWER_MODULE_REPAIR_STARTED,2026-03-14,CHARGEIQ_MAINTENANCE
MNTREC00000183,MNT00000183,INC000061,STN0095,CHG00614,2026-03-14 22:16:00,RECOVERY_CONFIRMED,POWER_MODULE,PWR_FAIL,MINOR,RESOLVED,MNT00000181,False,NOTE_POWER_MODULE_RECOVERY_CONFIRMED,2026-03-14,CHARGEIQ_MAINTENANCE
MNTREC00000184,MNT00000184,INC000062,STN0107,CHG00700,2026-03-16 18:01:00,FAULT_REPORTED,POWER_MODULE,PWR_FAIL,MAJOR,OPEN,,False,NOTE_POWER_MODULE_FAULT_REPORTED,2026-03-16,CHARGEIQ_MAINTENANCE
MNTREC00000185,MNT00000185,INC000062,STN0107,CHG00700,2026-03-16 19:55:00,REPAIR_STARTED,POWER_MODULE,PWR_FAIL,MAJOR,IN_PROGRESS,MNT00000184,False,NOTE_POWER_MODULE_REPAIR_STARTED,2026-03-16,CHARGEIQ_MAINTENANCE
MNTREC00000186,MNT00000186,INC000062,STN0107,CHG00700,2026-03-16 20:47:00,RECOVERY_CONFIRMED,POWER_MODULE,PWR_FAIL,MAJOR,RESOLVED,MNT00000184,False,NOTE_POWER_MODULE_RECOVERY_CONFIRMED,2026-03-16,CHARGEIQ_MAINTENANCE
MNTREC00000187,MNT00000187,INC000063,STN0061,CHG00390,2026-01-29 06:22:00,FAULT_REPORTED,POWER_MODULE,PWR_DERATE,MAJOR,OPEN,,False,NOTE_POWER_MODULE_FAULT_REPORTED,2026-01-29,CHARGEIQ_MAINTENANCE
MNTREC00000188,MNT00000188,INC000063,STN0061,CHG00390,2026-01-29 06:45:00,REPAIR_STARTED,POWER_MODULE,PWR_DERATE,MAJOR,IN_PROGRESS,MNT00000187,False,NOTE_POWER_MODULE_REPAIR_STARTED,2026-01-29,CHARGEIQ_MAINTENANCE
MNTREC00000189,MNT00000189,INC000063,STN0061,CHG00390,2026-01-29 10:53:00,RECOVERY_CONFIRMED,POWER_MODULE,PWR_DERATE,MAJOR,RESOLVED,MNT00000187,False,NOTE_POWER_MODULE_RECOVERY_CONFIRMED,2026-01-29,CHARGEIQ_MAINTENANCE
MNTREC00000190,MNT00000190,INC000064,STN0059,CHG00376,2026-03-15 12:05:00,FAULT_REPORTED,CONNECTOR,CONN_LOCK,MINOR,OPEN,,False,NOTE_CONNECTOR_FAULT_REPORTED,2026-03-15,CHARGEIQ_MAINTENANCE
MNTREC00000191,MNT00000191,INC000064,STN0059,CHG00376,2026-03-15 12:37:00,REPAIR_STARTED,CONNECTOR,CONN_LOCK,MINOR,IN_PROGRESS,MNT00000190,False,NOTE_CONNECTOR_REPAIR_STARTED,2026-03-15,CHARGEIQ_MAINTENANCE
MNTREC00000192,MNT00000192,INC000064,STN0059,CHG00376,2026-03-15 18:26:00,RECOVERY_CONFIRMED,CONNECTOR,CONN_LOCK,MINOR,RESOLVED,MNT00000190,False,NOTE_CONNECTOR_RECOVERY_CONFIRMED,2026-03-15,CHARGEIQ_MAINTENANCE
MNTREC00000193,MNT00000193,INC000065,STN0077,CHG00498,2026-02-16 07:41:00,FAULT_REPORTED,SAFETY_TRIP,GROUND_FAULT,MAJOR,OPEN,,False,NOTE_SAFETY_TRIP_FAULT_REPORTED,2026-02-16,CHARGEIQ_MAINTENANCE
MNTREC00000194,MNT00000194,INC000065,STN0077,CHG00498,2026-02-16 08:20:00,REPAIR_STARTED,SAFETY_TRIP,GROUND_FAULT,MAJOR,IN_PROGRESS,MNT00000193,False,NOTE_SAFETY_TRIP_REPAIR_STARTED,2026-02-16,CHARGEIQ_MAINTENANCE
MNTREC00000195,MNT00000195,INC000065,STN0077,CHG00498,2026-02-16 14:26:00,RECOVERY_CONFIRMED,SAFETY_TRIP,GROUND_FAULT,MAJOR,RESOLVED,MNT00000193,False,NOTE_SAFETY_TRIP_RECOVERY_CONFIRMED,2026-02-16,CHARGEIQ_MAINTENANCE
MNTREC00000196,MNT00000196,INC000066,STN0101,CHG00652,2026-01-07 23:58:00,FAULT_REPORTED,POWER_MODULE,PWR_DERATE,MINOR,OPEN,,False,NOTE_POWER_MODULE_FAULT_REPORTED,2026-01-07,CHARGEIQ_MAINTENANCE
MNTREC00000197,MNT00000197,INC000066,STN0101,CHG00652,2026-01-08 00:52:00,REPAIR_STARTED,POWER_MODULE,PWR_DERATE,MINOR,IN_PROGRESS,MNT00000196,False,NOTE_POWER_MODULE_REPAIR_STARTED,2026-01-08,CHARGEIQ_MAINTENANCE
MNTREC00000198,MNT00000198,INC000066,STN0101,CHG00652,2026-01-08 02:40:00,RECOVERY_CONFIRMED,POWER_MODULE,PWR_DERATE,MINOR,RESOLVED,MNT00000196,False,NOTE_POWER_MODULE_RECOVERY_CONFIRMED,2026-01-08,CHARGEIQ_MAINTENANCE
MNTREC00000199,MNT00000199,INC000067,STN0118,CHG00764,2026-03-08 03:41:00,FAULT_REPORTED,SAFETY_TRIP,GROUND_FAULT,MINOR,OPEN,,False,NOTE_SAFETY_TRIP_FAULT_REPORTED,2026-03-08,CHARGEIQ_MAINTENANCE
MNTREC00000200,MNT00000200,INC000067,STN0118,CHG00764,2026-03-08 04:59:00,REPAIR_STARTED,SAFETY_TRIP,GROUND_FAULT,MINOR,IN_PROGRESS,MNT00000199,False,NOTE_SAFETY_TRIP_REPAIR_STARTED,2026-03-08,CHARGEIQ_MAINTENANCE
MNTREC00000201,MNT00000201,INC000067,STN0118,CHG00764,2026-03-08 05:27:00,RECOVERY_CONFIRMED,SAFETY_TRIP,GROUND_FAULT,MINOR,RESOLVED,MNT00000199,False,NOTE_SAFETY_TRIP_RECOVERY_CONFIRMED,2026-03-08,CHARGEIQ_MAINTENANCE
MNTREC00000202,MNT00000202,INC000068,STN0024,CHG00152,2026-02-08 06:01:00,FAULT_REPORTED,CONNECTOR,CONN_TEMP,MINOR,OPEN,,False,NOTE_CONNECTOR_FAULT_REPORTED,2026-02-08,CHARGEIQ_MAINTENANCE
MNTREC00000203,MNT00000203,INC000068,STN0024,CHG00152,2026-02-08 07:20:00,REPAIR_STARTED,CONNECTOR,CONN_TEMP,MINOR,IN_PROGRESS,MNT00000202,False,NOTE_CONNECTOR_REPAIR_STARTED,2026-02-08,CHARGEIQ_MAINTENANCE
MNTREC00000204,MNT00000204,INC000068,STN0024,CHG00152,2026-02-08 12:21:00,RECOVERY_CONFIRMED,CONNECTOR,CONN_TEMP,MINOR,RESOLVED,MNT00000202,False,NOTE_CONNECTOR_RECOVERY_CONFIRMED,2026-02-08,CHARGEIQ_MAINTENANCE
MNTREC00000205,MNT00000205,INC000069,STN0053,CHG00331,2026-03-04 20:37:00,FAULT_REPORTED,SAFETY_TRIP,RCD_TRIP,MINOR,OPEN,,False,NOTE_SAFETY_TRIP_FAULT_REPORTED,2026-03-04,CHARGEIQ_MAINTENANCE
MNTREC00000206,MNT00000206,INC000069,STN0053,CHG00331,2026-03-04 21:27:00,REPAIR_STARTED,SAFETY_TRIP,RCD_TRIP,MINOR,IN_PROGRESS,MNT00000205,False,NOTE_SAFETY_TRIP_REPAIR_STARTED,2026-03-04,CHARGEIQ_MAINTENANCE
MNTREC00000207,MNT00000207,INC000069,STN0053,CHG00331,2026-03-05 00:44:00,RECOVERY_CONFIRMED,SAFETY_TRIP,RCD_TRIP,MINOR,RESOLVED,MNT00000205,False,NOTE_SAFETY_TRIP_RECOVERY_CONFIRMED,2026-03-05,CHARGEIQ_MAINTENANCE
MNTREC00000208,MNT00000208,INC000070,STN0020,CHG00126,2026-01-19 07:01:00,FAULT_REPORTED,SAFETY_TRIP,RCD_TRIP,CRITICAL,OPEN,,False,NOTE_SAFETY_TRIP_FAULT_REPORTED,2026-01-19,CHARGEIQ_MAINTENANCE
MNTREC00000209,MNT00000209,INC000070,STN0020,CHG00126,2026-01-19 08:53:00,REPAIR_STARTED,SAFETY_TRIP,RCD_TRIP,CRITICAL,IN_PROGRESS,MNT00000208,False,NOTE_SAFETY_TRIP_REPAIR_STARTED,2026-01-19,CHARGEIQ_MAINTENANCE
MNTREC00000210,MNT00000210,INC000070,STN0020,CHG00126,2026-01-19 09:18:00,RECOVERY_CONFIRMED,SAFETY_TRIP,RCD_TRIP,CRITICAL,RESOLVED,MNT00000208,False,NOTE_SAFETY_TRIP_RECOVERY_CONFIRMED,2026-01-19,CHARGEIQ_MAINTENANCE
MNTREC00000211,MNT00000211,INC000071,STN0135,CHG00897,2026-03-11 07:05:00,FAULT_REPORTED,SAFETY_TRIP,RCD_TRIP,MAJOR,OPEN,,True,NOTE_SAFETY_TRIP_FAULT_REPORTED,2026-03-11,CHARGEIQ_MAINTENANCE
MNTREC00000212,MNT00000212,INC000071,STN0135,CHG00897,2026-03-11 07:40:00,REPAIR_STARTED,SAFETY_TRIP,RCD_TRIP,MAJOR,IN_PROGRESS,MNT00000211,True,NOTE_SAFETY_TRIP_REPAIR_STARTED,2026-03-11,CHARGEIQ_MAINTENANCE
MNTREC00000213,MNT00000213,INC000071,STN0135,CHG00897,2026-03-11 12:16:00,RECOVERY_CONFIRMED,SAFETY_TRIP,RCD_TRIP,MAJOR,RESOLVED,MNT00000211,True,NOTE_SAFETY_TRIP_RECOVERY_CONFIRMED,2026-03-11,CHARGEIQ_MAINTENANCE
MNTREC00000214,MNT00000214,INC000072,STN0092,CHG00596,2026-01-14 03:20:00,FAULT_REPORTED,METER,METER_DRIFT,MAJOR,OPEN,,True,NOTE_METER_FAULT_REPORTED,2026-01-14,CHARGEIQ_MAINTENANCE
MNTREC00000215,MNT00000215,INC000072,STN0092,CHG00596,2026-01-14 04:19:00,REPAIR_STARTED,METER,METER_DRIFT,MAJOR,IN_PROGRESS,MNT00000214,True,NOTE_METER_REPAIR_STARTED,2026-01-14,CHARGEIQ_MAINTENANCE
MNTREC00000216,MNT00000216,INC000072,STN0092,CHG00596,2026-01-14 06:41:00,RECOVERY_CONFIRMED,METER,METER_DRIFT,MAJOR,RESOLVED,MNT00000214,True,NOTE_METER_RECOVERY_CONFIRMED,2026-01-14,CHARGEIQ_MAINTENANCE
MNTREC00000217,MNT00000217,INC000073,STN0071,CHG00453,2026-02-03 05:56:00,FAULT_REPORTED,CONNECTOR,CONN_TEMP,MAJOR,OPEN,,False,NOTE_CONNECTOR_FAULT_REPORTED,2026-02-03,CHARGEIQ_MAINTENANCE
MNTREC00000218,MNT00000218,INC000073,STN0071,CHG00453,2026-02-03 06:53:00,REPAIR_STARTED,CONNECTOR,CONN_TEMP,MAJOR,IN_PROGRESS,MNT00000217,False,NOTE_CONNECTOR_REPAIR_STARTED,2026-02-03,CHARGEIQ_MAINTENANCE
MNTREC00000219,MNT00000219,INC000073,STN0071,CHG00453,2026-02-03 12:27:00,RECOVERY_CONFIRMED,CONNECTOR,CONN_TEMP,MAJOR,RESOLVED,MNT00000217,False,NOTE_CONNECTOR_RECOVERY_CONFIRMED,2026-02-03,CHARGEIQ_MAINTENANCE
MNTREC00000220,MNT00000220,INC000074,STN0101,CHG00652,2026-02-20 15:27:00,FAULT_REPORTED,POWER_MODULE,PWR_FAIL,CRITICAL,OPEN,,False,NOTE_POWER_MODULE_FAULT_REPORTED,2026-02-20,CHARGEIQ_MAINTENANCE
MNTREC00000221,MNT00000221,INC000074,STN0101,CHG00652,2026-02-20 17:00:00,REPAIR_STARTED,POWER_MODULE,PWR_FAIL,CRITICAL,IN_PROGRESS,MNT00000220,False,NOTE_POWER_MODULE_REPAIR_STARTED,2026-02-20,CHARGEIQ_MAINTENANCE
MNTREC00000222,MNT00000222,INC000074,STN0101,CHG00652,2026-02-20 21:58:00,RECOVERY_CONFIRMED,POWER_MODULE,PWR_FAIL,CRITICAL,RESOLVED,MNT00000220,False,NOTE_POWER_MODULE_RECOVERY_CONFIRMED,2026-02-20,CHARGEIQ_MAINTENANCE
MNTREC00000223,MNT00000223,INC000075,STN0166,CHG01100,2026-03-23 21:57:00,FAULT_REPORTED,COOLING,TEMP_HIGH,MAJOR,OPEN,,False,NOTE_COOLING_FAULT_REPORTED,2026-03-23,CHARGEIQ_MAINTENANCE
MNTREC00000224,MNT00000224,INC000075,STN0166,CHG01100,2026-03-23 23:07:00,REPAIR_STARTED,COOLING,TEMP_HIGH,MAJOR,IN_PROGRESS,MNT00000223,False,NOTE_COOLING_REPAIR_STARTED,2026-03-23,CHARGEIQ_MAINTENANCE
MNTREC00000225,MNT00000225,INC000075,STN0166,CHG01100,2026-03-24 03:30:00,RECOVERY_CONFIRMED,COOLING,TEMP_HIGH,MAJOR,RESOLVED,MNT00000223,False,NOTE_COOLING_RECOVERY_CONFIRMED,2026-03-24,CHARGEIQ_MAINTENANCE
MNTREC00000226,MNT00000226,INC000076,STN0143,CHG00951,2026-01-20 09:51:00,FAULT_REPORTED,POWER_MODULE,PWR_FAIL,MINOR,OPEN,,True,NOTE_POWER_MODULE_FAULT_REPORTED,2026-01-20,CHARGEIQ_MAINTENANCE
MNTREC00000227,MNT00000227,INC000076,STN0143,CHG00951,2026-01-20 10:52:00,REPAIR_STARTED,POWER_MODULE,PWR_FAIL,MINOR,IN_PROGRESS,MNT00000226,True,NOTE_POWER_MODULE_REPAIR_STARTED,2026-01-20,CHARGEIQ_MAINTENANCE
MNTREC00000228,MNT00000228,INC000076,STN0143,CHG00951,2026-01-20 15:44:00,RECOVERY_CONFIRMED,POWER_MODULE,PWR_FAIL,MINOR,RESOLVED,MNT00000226,True,NOTE_POWER_MODULE_RECOVERY_CONFIRMED,2026-01-20,CHARGEIQ_MAINTENANCE
MNTREC00000229,MNT00000229,INC000077,STN0143,CHG00949,2026-01-03 05:20:00,FAULT_REPORTED,SAFETY_TRIP,GROUND_FAULT,MINOR,OPEN,,False,NOTE_SAFETY_TRIP_FAULT_REPORTED,2026-01-03,CHARGEIQ_MAINTENANCE
MNTREC00000230,MNT00000230,INC000077,STN0143,CHG00949,2026-01-03 07:17:00,REPAIR_STARTED,SAFETY_TRIP,GROUND_FAULT,MINOR,IN_PROGRESS,MNT00000229,False,NOTE_SAFETY_TRIP_REPAIR_STARTED,2026-01-03,CHARGEIQ_MAINTENANCE
MNTREC00000231,MNT00000231,INC000077,STN0143,CHG00949,2026-01-03 13:52:00,RECOVERY_CONFIRMED,SAFETY_TRIP,GROUND_FAULT,MINOR,RESOLVED,MNT00000229,False,NOTE_SAFETY_TRIP_RECOVERY_CONFIRMED,2026-01-03,CHARGEIQ_MAINTENANCE
MNTREC00000232,MNT00000232,INC000078,STN0014,CHG00089,2026-01-11 23:02:00,FAULT_REPORTED,POWER_MODULE,PWR_FAIL,MINOR,OPEN,,False,NOTE_POWER_MODULE_FAULT_REPORTED,2026-01-11,CHARGEIQ_MAINTENANCE
MNTREC00000233,MNT00000233,INC000078,STN0014,CHG00089,2026-01-12 00:27:00,REPAIR_STARTED,POWER_MODULE,PWR_FAIL,MINOR,IN_PROGRESS,MNT00000232,False,NOTE_POWER_MODULE_REPAIR_STARTED,2026-01-12,CHARGEIQ_MAINTENANCE
MNTREC00000234,MNT00000234,INC000078,STN0014,CHG00089,2026-01-12 01:48:00,RECOVERY_CONFIRMED,POWER_MODULE,PWR_FAIL,MINOR,RESOLVED,MNT00000232,False,NOTE_POWER_MODULE_RECOVERY_CONFIRMED,2026-01-12,CHARGEIQ_MAINTENANCE
MNTREC00000235,MNT00000235,INC000079,STN0033,CHG00208,2026-01-25 06:04:00,FAULT_REPORTED,SAFETY_TRIP,GROUND_FAULT,MINOR,OPEN,,False,NOTE_SAFETY_TRIP_FAULT_REPORTED,2026-01-25,CHARGEIQ_MAINTENANCE
MNTREC00000236,MNT00000236,INC000079,STN0033,CHG00208,2026-01-25 07:36:00,REPAIR_STARTED,SAFETY_TRIP,GROUND_FAULT,MINOR,IN_PROGRESS,MNT00000235,False,NOTE_SAFETY_TRIP_REPAIR_STARTED,2026-01-25,CHARGEIQ_MAINTENANCE
MNTREC00000237,MNT00000237,INC000079,STN0033,CHG00208,2026-01-25 09:57:00,RECOVERY_CONFIRMED,SAFETY_TRIP,GROUND_FAULT,MINOR,RESOLVED,MNT00000235,False,NOTE_SAFETY_TRIP_RECOVERY_CONFIRMED,2026-01-25,CHARGEIQ_MAINTENANCE
MNTREC00000238,MNT00000238,INC000080,STN0063,CHG00401,2026-03-14 00:42:00,FAULT_REPORTED,COOLING,FAN_FAIL,MAJOR,OPEN,,False,NOTE_COOLING_FAULT_REPORTED,2026-03-14,CHARGEIQ_MAINTENANCE
MNTREC00000239,MNT00000239,INC000080,STN0063,CHG00401,2026-03-14 02:00:00,REPAIR_STARTED,COOLING,FAN_FAIL,MAJOR,IN_PROGRESS,MNT00000238,False,NOTE_COOLING_REPAIR_STARTED,2026-03-14,CHARGEIQ_MAINTENANCE
MNTREC00000240,MNT00000240,INC000080,STN0063,CHG00401,2026-03-14 06:32:00,RECOVERY_CONFIRMED,COOLING,FAN_FAIL,MAJOR,RESOLVED,MNT00000238,False,NOTE_COOLING_RECOVERY_CONFIRMED,2026-03-14,CHARGEIQ_MAINTENANCE
MNTREC00000241,MNT00000241,INC000081,STN0136,CHG00905,2026-02-05 23:38:00,FAULT_REPORTED,POWER_MODULE,PWR_FAIL,CRITICAL,OPEN,,False,NOTE_POWER_MODULE_FAULT_REPORTED,2026-02-05,CHARGEIQ_MAINTENANCE
MNTREC00000242,MNT00000242,INC000081,STN0136,CHG00905,2026-02-06 01:20:00,REPAIR_STARTED,POWER_MODULE,PWR_FAIL,CRITICAL,IN_PROGRESS,MNT00000241,False,NOTE_POWER_MODULE_REPAIR_STARTED,2026-02-06,CHARGEIQ_MAINTENANCE
MNTREC00000243,MNT00000243,INC000081,STN0136,CHG00905,2026-02-06 06:29:00,RECOVERY_CONFIRMED,POWER_MODULE,PWR_FAIL,CRITICAL,RESOLVED,MNT00000241,False,NOTE_POWER_MODULE_RECOVERY_CONFIRMED,2026-02-06,CHARGEIQ_MAINTENANCE
MNTREC00000244,MNT00000244,INC000082,STN0059,CHG00375,2026-02-16 20:54:00,FAULT_REPORTED,SAFETY_TRIP,GROUND_FAULT,MINOR,OPEN,,False,NOTE_SAFETY_TRIP_FAULT_REPORTED,2026-02-16,CHARGEIQ_MAINTENANCE
MNTREC00000245,MNT00000245,INC000082,STN0059,CHG00375,2026-02-16 22:13:00,REPAIR_STARTED,SAFETY_TRIP,GROUND_FAULT,MINOR,IN_PROGRESS,MNT00000244,False,NOTE_SAFETY_TRIP_REPAIR_STARTED,2026-02-16,CHARGEIQ_MAINTENANCE
MNTREC00000246,MNT00000246,INC000082,STN0059,CHG00375,2026-02-17 02:50:00,RECOVERY_CONFIRMED,SAFETY_TRIP,GROUND_FAULT,MINOR,RESOLVED,MNT00000244,False,NOTE_SAFETY_TRIP_RECOVERY_CONFIRMED,2026-02-17,CHARGEIQ_MAINTENANCE
MNTREC00000247,MNT00000247,INC000083,STN0149,CHG00987,2026-01-08 18:08:00,FAULT_REPORTED,COOLING,TEMP_HIGH,MAJOR,OPEN,,False,NOTE_COOLING_FAULT_REPORTED,2026-01-08,CHARGEIQ_MAINTENANCE
MNTREC00000248,MNT00000248,INC000083,STN0149,CHG00987,2026-01-08 19:37:00,REPAIR_STARTED,COOLING,TEMP_HIGH,MAJOR,IN_PROGRESS,MNT00000247,False,NOTE_COOLING_REPAIR_STARTED,2026-01-08,CHARGEIQ_MAINTENANCE
MNTREC00000249,MNT00000249,INC000083,STN0149,CHG00987,2026-01-08 20:56:00,RECOVERY_CONFIRMED,COOLING,TEMP_HIGH,MAJOR,RESOLVED,MNT00000247,False,NOTE_COOLING_RECOVERY_CONFIRMED,2026-01-08,CHARGEIQ_MAINTENANCE
MNTREC00000250,MNT00000250,INC000084,STN0015,CHG00099,2026-03-20 11:43:00,FAULT_REPORTED,POWER_MODULE,PWR_FAIL,MINOR,OPEN,,False,NOTE_POWER_MODULE_FAULT_REPORTED,2026-03-20,CHARGEIQ_MAINTENANCE
MNTREC00000251,MNT00000251,INC000084,STN0015,CHG00099,2026-03-20 12:33:00,REPAIR_STARTED,POWER_MODULE,PWR_FAIL,MINOR,IN_PROGRESS,MNT00000250,False,NOTE_POWER_MODULE_REPAIR_STARTED,2026-03-20,CHARGEIQ_MAINTENANCE
MNTREC00000252,MNT00000252,INC000084,STN0015,CHG00099,2026-03-20 18:29:00,RECOVERY_CONFIRMED,POWER_MODULE,PWR_FAIL,MINOR,RESOLVED,MNT00000250,False,NOTE_POWER_MODULE_RECOVERY_CONFIRMED,2026-03-20,CHARGEIQ_MAINTENANCE
MNTREC00000253,MNT00000253,INC000085,STN0061,CHG00387,2026-01-06 15:28:00,FAULT_REPORTED,POWER_MODULE,PWR_FAIL,CRITICAL,OPEN,,False,NOTE_POWER_MODULE_FAULT_REPORTED,2026-01-06,CHARGEIQ_MAINTENANCE
MNTREC00000254,MNT00000254,INC000085,STN0061,CHG00387,2026-01-06 17:00:00,REPAIR_STARTED,POWER_MODULE,PWR_FAIL,CRITICAL,IN_PROGRESS,MNT00000253,False,NOTE_POWER_MODULE_REPAIR_STARTED,2026-01-06,CHARGEIQ_MAINTENANCE
MNTREC00000255,MNT00000255,INC000085,STN0061,CHG00387,2026-01-06 20:40:00,RECOVERY_CONFIRMED,POWER_MODULE,PWR_FAIL,CRITICAL,RESOLVED,MNT00000253,False,NOTE_POWER_MODULE_RECOVERY_CONFIRMED,2026-01-06,CHARGEIQ_MAINTENANCE
MNTREC00000256,MNT00000256,INC000086,STN0074,CHG00472,2026-02-26 12:12:00,FAULT_REPORTED,SAFETY_TRIP,RCD_TRIP,MAJOR,OPEN,,False,NOTE_SAFETY_TRIP_FAULT_REPORTED,2026-02-26,CHARGEIQ_MAINTENANCE
MNTREC00000257,MNT00000257,INC000086,STN0074,CHG00472,2026-02-26 12:32:00,REPAIR_STARTED,SAFETY_TRIP,RCD_TRIP,MAJOR,IN_PROGRESS,MNT00000256,False,NOTE_SAFETY_TRIP_REPAIR_STARTED,2026-02-26,CHARGEIQ_MAINTENANCE
MNTREC00000258,MNT00000258,INC000086,STN0074,CHG00472,2026-02-26 19:13:00,RECOVERY_CONFIRMED,SAFETY_TRIP,RCD_TRIP,MAJOR,RESOLVED,MNT00000256,False,NOTE_SAFETY_TRIP_RECOVERY_CONFIRMED,2026-02-26,CHARGEIQ_MAINTENANCE
MNTREC00000259,MNT00000259,INC000087,STN0035,CHG00226,2026-01-24 07:48:00,FAULT_REPORTED,POWER_MODULE,PWR_FAIL,MAJOR,OPEN,,False,NOTE_POWER_MODULE_FAULT_REPORTED,2026-01-24,CHARGEIQ_MAINTENANCE
MNTREC00000260,MNT00000260,INC000087,STN0035,CHG00226,2026-01-24 09:11:00,REPAIR_STARTED,POWER_MODULE,PWR_FAIL,MAJOR,IN_PROGRESS,MNT00000259,False,NOTE_POWER_MODULE_REPAIR_STARTED,2026-01-24,CHARGEIQ_MAINTENANCE
MNTREC00000261,MNT00000261,INC000087,STN0035,CHG00226,2026-01-24 12:11:00,RECOVERY_CONFIRMED,POWER_MODULE,PWR_FAIL,MAJOR,RESOLVED,MNT00000259,False,NOTE_POWER_MODULE_RECOVERY_CONFIRMED,2026-01-24,CHARGEIQ_MAINTENANCE
MNTREC00000262,MNT00000262,INC000088,STN0119,CHG00773,2026-03-02 08:25:00,FAULT_REPORTED,SAFETY_TRIP,RCD_TRIP,MINOR,OPEN,,False,NOTE_SAFETY_TRIP_FAULT_REPORTED,2026-03-02,CHARGEIQ_MAINTENANCE
MNTREC00000263,MNT00000263,INC000088,STN0119,CHG00773,2026-03-02 10:08:00,REPAIR_STARTED,SAFETY_TRIP,RCD_TRIP,MINOR,IN_PROGRESS,MNT00000262,False,NOTE_SAFETY_TRIP_REPAIR_STARTED,2026-03-02,CHARGEIQ_MAINTENANCE
MNTREC00000264,MNT00000264,INC000088,STN0119,CHG00773,2026-03-02 12:10:00,RECOVERY_CONFIRMED,SAFETY_TRIP,RCD_TRIP,MINOR,RESOLVED,MNT00000262,False,NOTE_SAFETY_TRIP_RECOVERY_CONFIRMED,2026-03-02,CHARGEIQ_MAINTENANCE
MNTREC00000265,MNT00000265,INC000089,STN0158,CHG01047,2026-02-20 13:23:00,FAULT_REPORTED,SAFETY_TRIP,GROUND_FAULT,MINOR,OPEN,,True,NOTE_SAFETY_TRIP_FAULT_REPORTED,2026-02-20,CHARGEIQ_MAINTENANCE
MNTREC00000266,MNT00000266,INC000089,STN0158,CHG01047,2026-02-20 15:14:00,REPAIR_STARTED,SAFETY_TRIP,GROUND_FAULT,MINOR,IN_PROGRESS,MNT00000265,True,NOTE_SAFETY_TRIP_REPAIR_STARTED,2026-02-20,CHARGEIQ_MAINTENANCE
MNTREC00000267,MNT00000267,INC000089,STN0158,CHG01047,2026-02-20 17:19:00,RECOVERY_CONFIRMED,SAFETY_TRIP,GROUND_FAULT,MINOR,RESOLVED,MNT00000265,True,NOTE_SAFETY_TRIP_RECOVERY_CONFIRMED,2026-02-20,CHARGEIQ_MAINTENANCE
MNTREC00000268,MNT00000268,INC000090,STN0133,CHG00884,2026-02-15 17:09:00,FAULT_REPORTED,COMMUNICATION,OCPP_TIMEOUT,MINOR,OPEN,,False,NOTE_COMMUNICATION_FAULT_REPORTED,2026-02-15,CHARGEIQ_MAINTENANCE
MNTREC00000269,MNT00000269,INC000090,STN0133,CHG00884,2026-02-15 18:19:00,REPAIR_STARTED,COMMUNICATION,OCPP_TIMEOUT,MINOR,IN_PROGRESS,MNT00000268,False,NOTE_COMMUNICATION_REPAIR_STARTED,2026-02-15,CHARGEIQ_MAINTENANCE
MNTREC00000270,MNT00000270,INC000090,STN0133,CHG00884,2026-02-15 20:28:00,RECOVERY_CONFIRMED,COMMUNICATION,OCPP_TIMEOUT,MINOR,RESOLVED,MNT00000268,False,NOTE_COMMUNICATION_RECOVERY_CONFIRMED,2026-02-15,CHARGEIQ_MAINTENANCE
MNTREC00000271,MNT00000271,INC000091,STN0149,CHG00985,2026-03-21 10:36:00,FAULT_REPORTED,COMMUNICATION,NET_LOSS,MINOR,OPEN,,False,NOTE_COMMUNICATION_FAULT_REPORTED,2026-03-21,CHARGEIQ_MAINTENANCE
MNTREC00000272,MNT00000272,INC000091,STN0149,CHG00985,2026-03-21 10:52:00,REPAIR_STARTED,COMMUNICATION,NET_LOSS,MINOR,IN_PROGRESS,MNT00000271,False,NOTE_COMMUNICATION_REPAIR_STARTED,2026-03-21,CHARGEIQ_MAINTENANCE
MNTREC00000273,MNT00000273,INC000091,STN0149,CHG00985,2026-03-21 14:32:00,RECOVERY_CONFIRMED,COMMUNICATION,NET_LOSS,MINOR,RESOLVED,MNT00000271,False,NOTE_COMMUNICATION_RECOVERY_CONFIRMED,2026-03-21,CHARGEIQ_MAINTENANCE
MNTREC00000274,MNT00000274,INC000092,STN0015,CHG00098,2026-01-10 04:09:00,FAULT_REPORTED,SAFETY_TRIP,GROUND_FAULT,MINOR,OPEN,,False,NOTE_SAFETY_TRIP_FAULT_REPORTED,2026-01-10,CHARGEIQ_MAINTENANCE
MNTREC00000275,MNT00000275,INC000092,STN0015,CHG00098,2026-01-10 04:21:00,REPAIR_STARTED,SAFETY_TRIP,GROUND_FAULT,MINOR,IN_PROGRESS,MNT00000274,False,NOTE_SAFETY_TRIP_REPAIR_STARTED,2026-01-10,CHARGEIQ_MAINTENANCE
MNTREC00000276,MNT00000276,INC000092,STN0015,CHG00098,2026-01-10 07:44:00,RECOVERY_CONFIRMED,SAFETY_TRIP,GROUND_FAULT,MINOR,RESOLVED,MNT00000274,False,NOTE_SAFETY_TRIP_RECOVERY_CONFIRMED,2026-01-10,CHARGEIQ_MAINTENANCE
MNTREC00000277,MNT00000277,INC000093,STN0163,CHG01079,2026-02-15 03:54:00,FAULT_REPORTED,SAFETY_TRIP,GROUND_FAULT,MAJOR,OPEN,,False,NOTE_SAFETY_TRIP_FAULT_REPORTED,2026-02-15,CHARGEIQ_MAINTENANCE
MNTREC00000278,MNT00000278,INC000093,STN0163,CHG01079,2026-02-15 05:52:00,REPAIR_STARTED,SAFETY_TRIP,GROUND_FAULT,MAJOR,IN_PROGRESS,MNT00000277,False,NOTE_SAFETY_TRIP_REPAIR_STARTED,2026-02-15,CHARGEIQ_MAINTENANCE
MNTREC00000279,MNT00000279,INC000093,STN0163,CHG01079,2026-02-15 08:23:00,RECOVERY_CONFIRMED,SAFETY_TRIP,GROUND_FAULT,MAJOR,RESOLVED,MNT00000277,False,NOTE_SAFETY_TRIP_RECOVERY_CONFIRMED,2026-02-15,CHARGEIQ_MAINTENANCE
MNTREC00000280,MNT00000280,INC000094,STN0097,CHG00626,2026-02-21 18:04:00,FAULT_REPORTED,COMMUNICATION,NET_LOSS,MAJOR,OPEN,,False,NOTE_COMMUNICATION_FAULT_REPORTED,2026-02-21,CHARGEIQ_MAINTENANCE
MNTREC00000281,MNT00000281,INC000094,STN0097,CHG00626,2026-02-21 19:25:00,REPAIR_STARTED,COMMUNICATION,NET_LOSS,MAJOR,IN_PROGRESS,MNT00000280,False,NOTE_COMMUNICATION_REPAIR_STARTED,2026-02-21,CHARGEIQ_MAINTENANCE
MNTREC00000282,MNT00000282,INC000094,STN0097,CHG00626,2026-02-21 20:18:00,RECOVERY_CONFIRMED,COMMUNICATION,NET_LOSS,MAJOR,RESOLVED,MNT00000280,False,NOTE_COMMUNICATION_RECOVERY_CONFIRMED,2026-02-21,CHARGEIQ_MAINTENANCE
MNTREC00000283,MNT00000283,INC000095,STN0083,CHG00527,2026-01-12 05:29:00,FAULT_REPORTED,METER,METER_DRIFT,CRITICAL,OPEN,,False,NOTE_METER_FAULT_REPORTED,2026-01-12,CHARGEIQ_MAINTENANCE
MNTREC00000284,MNT00000284,INC000095,STN0083,CHG00527,2026-01-12 07:12:00,REPAIR_STARTED,METER,METER_DRIFT,CRITICAL,IN_PROGRESS,MNT00000283,False,NOTE_METER_REPAIR_STARTED,2026-01-12,CHARGEIQ_MAINTENANCE
MNTREC00000285,MNT00000285,INC000095,STN0083,CHG00527,2026-01-12 10:47:00,RECOVERY_CONFIRMED,METER,METER_DRIFT,CRITICAL,RESOLVED,MNT00000283,False,NOTE_METER_RECOVERY_CONFIRMED,2026-01-12,CHARGEIQ_MAINTENANCE
MNTREC00000286,MNT00000286,INC000096,STN0053,CHG00332,2026-02-09 07:18:00,FAULT_REPORTED,SAFETY_TRIP,GROUND_FAULT,MINOR,OPEN,,True,NOTE_SAFETY_TRIP_FAULT_REPORTED,2026-02-09,CHARGEIQ_MAINTENANCE
MNTREC00000287,MNT00000287,INC000096,STN0053,CHG00332,2026-02-09 09:01:00,REPAIR_STARTED,SAFETY_TRIP,GROUND_FAULT,MINOR,IN_PROGRESS,MNT00000286,True,NOTE_SAFETY_TRIP_REPAIR_STARTED,2026-02-09,CHARGEIQ_MAINTENANCE
MNTREC00000288,MNT00000288,INC000096,STN0053,CHG00332,2026-02-09 15:25:00,RECOVERY_CONFIRMED,SAFETY_TRIP,GROUND_FAULT,MINOR,RESOLVED,MNT00000286,True,NOTE_SAFETY_TRIP_RECOVERY_CONFIRMED,2026-02-09,CHARGEIQ_MAINTENANCE
MNTREC00000289,MNT00000289,INC000097,STN0044,CHG00281,2026-01-21 16:22:00,FAULT_REPORTED,SAFETY_TRIP,GROUND_FAULT,MINOR,OPEN,,True,NOTE_SAFETY_TRIP_FAULT_REPORTED,2026-01-21,CHARGEIQ_MAINTENANCE
MNTREC00000290,MNT00000290,INC000097,STN0044,CHG00281,2026-01-21 18:09:00,REPAIR_STARTED,SAFETY_TRIP,GROUND_FAULT,MINOR,IN_PROGRESS,MNT00000289,True,NOTE_SAFETY_TRIP_REPAIR_STARTED,2026-01-21,CHARGEIQ_MAINTENANCE
MNTREC00000291,MNT00000291,INC000097,STN0044,CHG00281,2026-01-21 19:15:00,RECOVERY_CONFIRMED,SAFETY_TRIP,GROUND_FAULT,MINOR,RESOLVED,MNT00000289,True,NOTE_SAFETY_TRIP_RECOVERY_CONFIRMED,2026-01-21,CHARGEIQ_MAINTENANCE
MNTREC00000292,MNT00000292,INC000098,STN0035,CHG00224,2026-01-10 23:00:00,FAULT_REPORTED,CONNECTOR,CONN_TEMP,MAJOR,OPEN,,True,NOTE_CONNECTOR_FAULT_REPORTED,2026-01-10,CHARGEIQ_MAINTENANCE
MNTREC00000293,MNT00000293,INC000098,STN0035,CHG00224,2026-01-10 23:16:00,REPAIR_STARTED,CONNECTOR,CONN_TEMP,MAJOR,IN_PROGRESS,MNT00000292,True,NOTE_CONNECTOR_REPAIR_STARTED,2026-01-10,CHARGEIQ_MAINTENANCE
MNTREC00000294,MNT00000294,INC000098,STN0035,CHG00224,2026-01-11 04:26:00,RECOVERY_CONFIRMED,CONNECTOR,CONN_TEMP,MAJOR,RESOLVED,MNT00000292,True,NOTE_CONNECTOR_RECOVERY_CONFIRMED,2026-01-11,CHARGEIQ_MAINTENANCE
MNTREC00000295,MNT00000295,INC000099,STN0108,CHG00703,2026-02-10 11:14:00,FAULT_REPORTED,SAFETY_TRIP,RCD_TRIP,MINOR,OPEN,,False,NOTE_SAFETY_TRIP_FAULT_REPORTED,2026-02-10,CHARGEIQ_MAINTENANCE
MNTREC00000296,MNT00000296,INC000099,STN0108,CHG00703,2026-02-10 11:49:00,REPAIR_STARTED,SAFETY_TRIP,RCD_TRIP,MINOR,IN_PROGRESS,MNT00000295,False,NOTE_SAFETY_TRIP_REPAIR_STARTED,2026-02-10,CHARGEIQ_MAINTENANCE
MNTREC00000297,MNT00000297,INC000099,STN0108,CHG00703,2026-02-10 15:57:00,RECOVERY_CONFIRMED,SAFETY_TRIP,RCD_TRIP,MINOR,RESOLVED,MNT00000295,False,NOTE_SAFETY_TRIP_RECOVERY_CONFIRMED,2026-02-10,CHARGEIQ_MAINTENANCE
MNTREC00000298,MNT00000298,INC000100,STN0012,CHG00075,2026-01-05 21:13:00,FAULT_REPORTED,SAFETY_TRIP,RCD_TRIP,MINOR,OPEN,,False,NOTE_SAFETY_TRIP_FAULT_REPORTED,2026-01-05,CHARGEIQ_MAINTENANCE
MNTREC00000299,MNT00000299,INC000100,STN0012,CHG00075,2026-01-05 22:11:00,REPAIR_STARTED,SAFETY_TRIP,RCD_TRIP,MINOR,IN_PROGRESS,MNT00000298,False,NOTE_SAFETY_TRIP_REPAIR_STARTED,2026-01-05,CHARGEIQ_MAINTENANCE
MNTREC00000300,MNT00000300,INC000100,STN0012,CHG00075,2026-01-06 02:22:00,RECOVERY_CONFIRMED,SAFETY_TRIP,RCD_TRIP,MINOR,RESOLVED,MNT00000298,False,NOTE_SAFETY_TRIP_RECOVERY_CONFIRMED,2026-01-06,CHARGEIQ_MAINTENANCE
MNTREC00000301,MNT00000301,INC000101,STN0040,CHG00263,2026-03-10 09:37:00,FAULT_REPORTED,COOLING,TEMP_HIGH,MINOR,OPEN,,False,NOTE_COOLING_FAULT_REPORTED,2026-03-10,CHARGEIQ_MAINTENANCE
MNTREC00000302,MNT00000302,INC000101,STN0040,CHG00263,2026-03-10 10:17:00,REPAIR_STARTED,COOLING,TEMP_HIGH,MINOR,IN_PROGRESS,MNT00000301,False,NOTE_COOLING_REPAIR_STARTED,2026-03-10,CHARGEIQ_MAINTENANCE
MNTREC00000303,MNT00000303,INC000101,STN0040,CHG00263,2026-03-10 16:15:00,RECOVERY_CONFIRMED,COOLING,TEMP_HIGH,MINOR,RESOLVED,MNT00000301,False,NOTE_COOLING_RECOVERY_CONFIRMED,2026-03-10,CHARGEIQ_MAINTENANCE
MNTREC00000304,MNT00000304,INC000102,STN0075,CHG00486,2026-01-17 13:58:00,FAULT_REPORTED,COOLING,TEMP_HIGH,CRITICAL,OPEN,,False,NOTE_COOLING_FAULT_REPORTED,2026-01-17,CHARGEIQ_MAINTENANCE
MNTREC00000305,MNT00000305,INC000102,STN0075,CHG00486,2026-01-17 15:10:00,REPAIR_STARTED,COOLING,TEMP_HIGH,CRITICAL,IN_PROGRESS,MNT00000304,False,NOTE_COOLING_REPAIR_STARTED,2026-01-17,CHARGEIQ_MAINTENANCE
MNTREC00000306,MNT00000306,INC000102,STN0075,CHG00486,2026-01-17 20:08:00,RECOVERY_CONFIRMED,COOLING,TEMP_HIGH,CRITICAL,RESOLVED,MNT00000304,False,NOTE_COOLING_RECOVERY_CONFIRMED,2026-01-17,CHARGEIQ_MAINTENANCE
MNTREC00000307,MNT00000307,INC000103,STN0021,CHG00133,2026-02-23 07:30:00,FAULT_REPORTED,SAFETY_TRIP,RCD_TRIP,MAJOR,OPEN,,False,NOTE_SAFETY_TRIP_FAULT_REPORTED,2026-02-23,CHARGEIQ_MAINTENANCE
MNTREC00000308,MNT00000308,INC000103,STN0021,CHG00133,2026-02-23 09:21:00,REPAIR_STARTED,SAFETY_TRIP,RCD_TRIP,MAJOR,IN_PROGRESS,MNT00000307,False,NOTE_SAFETY_TRIP_REPAIR_STARTED,2026-02-23,CHARGEIQ_MAINTENANCE
MNTREC00000309,MNT00000309,INC000103,STN0021,CHG00133,2026-02-23 10:38:00,RECOVERY_CONFIRMED,SAFETY_TRIP,RCD_TRIP,MAJOR,RESOLVED,MNT00000307,False,NOTE_SAFETY_TRIP_RECOVERY_CONFIRMED,2026-02-23,CHARGEIQ_MAINTENANCE
